Type,Family,Model Name,Input Size,Accuracy
Hybrid,BAT-ResNeXt,bat_resnext26ts.ch_in1k,256,78.28
Transformer,BEiT,beit_base_patch16_224.in22k_ft_in22k_in1k,224,85.244
Transformer,BEiT,beit_base_patch16_384.in22k_ft_in22k_in1k,384,86.816
Transformer,BEiT,beit_large_patch16_224.in22k_ft_in22k_in1k,224,87.488
Transformer,BEiT,beit_large_patch16_384.in22k_ft_in22k_in1k,384,88.382
Transformer,BEiT,beit_large_patch16_512.in22k_ft_in22k_in1k,512,88.578
Transformer,BEiT,beitv2_base_patch16_224.in1k_ft_in1k,224,85.596
Transformer,BEiT,beitv2_base_patch16_224.in1k_ft_in22k_in1k,224,86.494
Transformer,BEiT,beitv2_large_patch16_224.in1k_ft_in1k,224,87.414
Transformer,BEiT,beitv2_large_patch16_224.in1k_ft_in22k_in1k,224,88.406
Hybrid,BotNet,botnet26t_256.c1_in1k,256,79.256
Hybrid,CAFormer,caformer_b36.sail_in1k,224,85.502
Hybrid,CAFormer,caformer_b36.sail_in1k_384,384,86.404
Hybrid,CAFormer,caformer_b36.sail_in22k_ft_in1k,224,87.44
Hybrid,CAFormer,caformer_b36.sail_in22k_ft_in1k_384,384,88.066
Hybrid,CAFormer,caformer_m36.sail_in1k,224,85.24
Hybrid,CAFormer,caformer_m36.sail_in1k_384,384,86.16
Hybrid,CAFormer,caformer_m36.sail_in22k_ft_in1k,224,86.608
Hybrid,CAFormer,caformer_m36.sail_in22k_ft_in1k_384,384,87.472
Hybrid,CAFormer,caformer_s18.sail_in1k,224,83.668
Hybrid,CAFormer,caformer_s18.sail_in1k_384,384,85.036
Hybrid,CAFormer,caformer_s18.sail_in22k_ft_in1k,224,84.086
Hybrid,CAFormer,caformer_s18.sail_in22k_ft_in1k_384,384,85.424
Hybrid,CAFormer,caformer_s36.sail_in1k,224,84.544
Hybrid,CAFormer,caformer_s36.sail_in1k_384,384,85.756
Hybrid,CAFormer,caformer_s36.sail_in22k_ft_in1k,224,85.788
Hybrid,CAFormer,caformer_s36.sail_in22k_ft_in1k_384,384,86.864
Transformer,CaiT,cait_m36_384.fb_dist_in1k,384,86.064
Transformer,CaiT,cait_m48_448.fb_dist_in1k,448,86.482
Transformer,CaiT,cait_s24_224.fb_dist_in1k,224,83.484
Transformer,CaiT,cait_s24_384.fb_dist_in1k,384,85.042
Transformer,CaiT,cait_s36_384.fb_dist_in1k,384,85.458
Transformer,CaiT,cait_xs24_384.fb_dist_in1k,384,84.064
Transformer,CaiT,cait_xxs24_224.fb_dist_in1k,224,78.392
Transformer,CaiT,cait_xxs24_384.fb_dist_in1k,384,80.962
Transformer,CaiT,cait_xxs36_224.fb_dist_in1k,224,79.738
Transformer,CaiT,cait_xxs36_384.fb_dist_in1k,384,82.208
Hybrid,CoaT,coat_lite_medium.in1k,224,83.602
Hybrid,CoaT,coat_lite_medium_384.in1k,384,84.894
Hybrid,CoaT,coat_lite_mini.in1k,224,79.096
Hybrid,CoaT,coat_lite_small.in1k,224,82.302
Hybrid,CoaT,coat_lite_tiny.in1k,224,77.548
Hybrid,CoaT,coat_mini.in1k,224,81.304
Hybrid,CoaT,coat_small.in1k,224,82.376
Hybrid,CoaT,coat_tiny.in1k,224,78.442
Hybrid,CoaT,coatnet_0_rw_224.sw_in1k,224,82.394
Hybrid,CoaT,coatnet_1_rw_224.sw_in1k,224,83.612
Hybrid,CoaT,coatnet_2_rw_224.sw_in12k_ft_in1k,224,86.58
Hybrid,CoaT,coatnet_bn_0_rw_224.sw_in1k,224,82.394
Hybrid,CoaT,coatnet_nano_rw_224.sw_in1k,224,81.704
Hybrid,CoaT,coatnet_rmlp_1_rw2_224.sw_in12k_ft_in1k,224,84.94
Hybrid,CoaT,coatnet_rmlp_1_rw_224.sw_in1k,224,83.354
Hybrid,CoaT,coatnet_rmlp_2_rw_224.sw_in12k_ft_in1k,224,86.54
Hybrid,CoaT,coatnet_rmlp_2_rw_224.sw_in1k,224,84.602
Hybrid,CoaT,coatnet_rmlp_2_rw_384.sw_in12k_ft_in1k,384,87.402
Hybrid,CoaT,coatnet_rmlp_nano_rw_224.sw_in1k,224,82.062
Hybrid,CoaT,coatnext_nano_rw_224.sw_in1k,224,81.998
Hybrid,ConvFormer,convformer_b36.sail_in1k,224,84.83
Hybrid,ConvFormer,convformer_b36.sail_in1k_384,384,85.778
Hybrid,ConvFormer,convformer_b36.sail_in22k_ft_in1k,224,86.984
Hybrid,ConvFormer,convformer_b36.sail_in22k_ft_in1k_384,384,87.602
Hybrid,ConvFormer,convformer_m36.sail_in1k,224,84.486
Hybrid,ConvFormer,convformer_m36.sail_in1k_384,384,85.58
Hybrid,ConvFormer,convformer_m36.sail_in22k_ft_in1k,224,86.152
Hybrid,ConvFormer,convformer_m36.sail_in22k_ft_in1k_384,384,86.868
Hybrid,ConvFormer,convformer_s18.sail_in1k,224,82.968
Hybrid,ConvFormer,convformer_s18.sail_in1k_384,384,84.394
Hybrid,ConvFormer,convformer_s18.sail_in22k_ft_in1k,224,83.762
Hybrid,ConvFormer,convformer_s18.sail_in22k_ft_in1k_384,384,85.026
Hybrid,ConvFormer,convformer_s36.sail_in1k,224,84.072
Hybrid,ConvFormer,convformer_s36.sail_in1k_384,384,85.38
Hybrid,ConvFormer,convformer_s36.sail_in22k_ft_in1k,224,85.424
Hybrid,ConvFormer,convformer_s36.sail_in22k_ft_in1k_384,384,86.38
Hybrid,ConViT,convit_base.fb_in1k,224,82.294
Hybrid,ConViT,convit_small.fb_in1k,224,81.414
Hybrid,ConViT,convit_tiny.fb_in1k,224,73.126
Hybrid,ConvMixer,convmixer_1024_20_ks9_p14.in1k,224,76.944
Hybrid,ConvMixer,convmixer_1536_20.in1k,224,81.37
Hybrid,ConvMixer,convmixer_768_32.in1k,224,80.158
CNN,ConvNeXt,convnext_atto.d2_in1k,224,75.668
CNN,ConvNeXt,convnext_atto.d2_in1k,288,77.014
CNN,ConvNeXt,convnext_atto_ols.a2_in1k,224,75.902
CNN,ConvNeXt,convnext_atto_ols.a2_in1k,288,77.22
CNN,ConvNeXt,convnext_base.clip_laion2b_augreg_ft_in12k_in1k,256,86.386
CNN,ConvNeXt,convnext_base.clip_laion2b_augreg_ft_in12k_in1k_384,384,87.15
CNN,ConvNeXt,convnext_base.clip_laion2b_augreg_ft_in1k,256,86.184
CNN,ConvNeXt,convnext_base.clip_laiona_augreg_ft_in1k_384,384,86.488
CNN,ConvNeXt,convnext_base.fb_in1k,224,83.834
CNN,ConvNeXt,convnext_base.fb_in1k,288,84.466
CNN,ConvNeXt,convnext_base.fb_in22k_ft_in1k,224,85.816
CNN,ConvNeXt,convnext_base.fb_in22k_ft_in1k,288,86.298
CNN,ConvNeXt,convnext_base.fb_in22k_ft_in1k_384,384,86.826
CNN,ConvNeXt,convnext_femto.d1_in1k,224,77.508
CNN,ConvNeXt,convnext_femto.d1_in1k,288,78.71
CNN,ConvNeXt,convnext_femto_ols.d1_in1k,224,77.844
CNN,ConvNeXt,convnext_femto_ols.d1_in1k,288,78.914
CNN,ConvNeXt,convnext_large.fb_in1k,224,84.298
CNN,ConvNeXt,convnext_large.fb_in1k,288,84.862
CNN,ConvNeXt,convnext_large.fb_in22k_ft_in1k,224,86.612
CNN,ConvNeXt,convnext_large.fb_in22k_ft_in1k,288,87.014
CNN,ConvNeXt,convnext_large.fb_in22k_ft_in1k_384,384,87.456
CNN,ConvNeXt,convnext_large_mlp.clip_laion2b_augreg_ft_in1k,256,87.336
CNN,ConvNeXt,convnext_large_mlp.clip_laion2b_augreg_ft_in1k_384,384,87.89
CNN,ConvNeXt,convnext_large_mlp.clip_laion2b_soup_ft_in12k_in1k_320,320,87.97
CNN,ConvNeXt,convnext_large_mlp.clip_laion2b_soup_ft_in12k_in1k_384,384,88.334
CNN,ConvNeXt,convnext_nano.d1h_in1k,224,80.762
CNN,ConvNeXt,convnext_nano.d1h_in1k,288,81.474
CNN,ConvNeXt,convnext_nano.in12k_ft_in1k,224,82.306
CNN,ConvNeXt,convnext_nano.in12k_ft_in1k,288,82.882
CNN,ConvNeXt,convnext_nano_ols.d1h_in1k,224,80.906
CNN,ConvNeXt,convnext_nano_ols.d1h_in1k,288,81.612
CNN,ConvNeXt,convnext_pico.d1_in1k,224,79.516
CNN,ConvNeXt,convnext_pico.d1_in1k,288,80.43
CNN,ConvNeXt,convnext_pico_ols.d1_in1k,224,79.542
CNN,ConvNeXt,convnext_pico_ols.d1_in1k,288,80.458
CNN,ConvNeXt,convnext_small.fb_in1k,224,83.144
CNN,ConvNeXt,convnext_small.fb_in1k,288,83.704
CNN,ConvNeXt,convnext_small.fb_in22k_ft_in1k,224,84.582
CNN,ConvNeXt,convnext_small.fb_in22k_ft_in1k,288,85.276
CNN,ConvNeXt,convnext_small.fb_in22k_ft_in1k_384,384,85.754
CNN,ConvNeXt,convnext_small.in12k_ft_in1k,224,85.164
CNN,ConvNeXt,convnext_small.in12k_ft_in1k,288,85.324
CNN,ConvNeXt,convnext_small.in12k_ft_in1k_384,384,86.186
CNN,ConvNeXt,convnext_tiny.fb_in1k,224,82.066
CNN,ConvNeXt,convnext_tiny.fb_in1k,288,82.694
CNN,ConvNeXt,convnext_tiny.fb_in22k_ft_in1k,224,82.888
CNN,ConvNeXt,convnext_tiny.fb_in22k_ft_in1k,288,78.95
CNN,ConvNeXt,convnext_tiny.fb_in22k_ft_in1k_384,384,84.098
CNN,ConvNeXt,convnext_tiny.in12k_ft_in1k,224,84.192
CNN,ConvNeXt,convnext_tiny.in12k_ft_in1k,288,84.448
CNN,ConvNeXt,convnext_tiny.in12k_ft_in1k_384,384,85.154
CNN,ConvNeXt,convnext_tiny_hnf.a2h_in1k,224,82.23
CNN,ConvNeXt,convnext_tiny_hnf.a2h_in1k,288,82.608
CNN,ConvNeXt,convnext_xlarge.fb_in22k_ft_in1k,224,86.97
CNN,ConvNeXt,convnext_xlarge.fb_in22k_ft_in1k,288,87.374
CNN,ConvNeXt,convnext_xlarge.fb_in22k_ft_in1k_384,384,87.766
CNN,ConvNeXt,convnext_xxlarge.clip_laion2b_soup_ft_in1k,256,88.622
CNN,ConvNeXt,convnextv2_atto.fcmae_ft_in1k,224,76.646
CNN,ConvNeXt,convnextv2_atto.fcmae_ft_in1k,288,77.79
CNN,ConvNeXt,convnextv2_base.fcmae_ft_in1k,224,84.888
CNN,ConvNeXt,convnextv2_base.fcmae_ft_in1k,288,85.49
CNN,ConvNeXt,convnextv2_base.fcmae_ft_in22k_in1k,224,86.752
CNN,ConvNeXt,convnextv2_base.fcmae_ft_in22k_in1k,288,86.998
CNN,ConvNeXt,convnextv2_base.fcmae_ft_in22k_in1k_384,384,87.638
CNN,ConvNeXt,convnextv2_femto.fcmae_ft_in1k,224,78.484
CNN,ConvNeXt,convnextv2_femto.fcmae_ft_in1k,288,79.332
CNN,ConvNeXt,convnextv2_huge.fcmae_ft_in1k,224,86.26
CNN,ConvNeXt,convnextv2_huge.fcmae_ft_in1k,288,86.618
CNN,ConvNeXt,convnextv2_huge.fcmae_ft_in22k_in1k_384,384,88.662
CNN,ConvNeXt,convnextv2_huge.fcmae_ft_in22k_in1k_512,512,88.86
CNN,ConvNeXt,convnextv2_large.fcmae_ft_in1k,224,85.762
CNN,ConvNeXt,convnextv2_large.fcmae_ft_in1k,288,86.126
CNN,ConvNeXt,convnextv2_large.fcmae_ft_in22k_in1k,224,87.264
CNN,ConvNeXt,convnextv2_large.fcmae_ft_in22k_in1k,288,87.494
CNN,ConvNeXt,convnextv2_large.fcmae_ft_in22k_in1k_384,384,88.178
CNN,ConvNeXt,convnextv2_nano.fcmae_ft_in1k,224,81.856
CNN,ConvNeXt,convnextv2_nano.fcmae_ft_in1k,288,82.496
CNN,ConvNeXt,convnextv2_nano.fcmae_ft_in22k_in1k,224,82.038
CNN,ConvNeXt,convnextv2_nano.fcmae_ft_in22k_in1k,288,82.666
CNN,ConvNeXt,convnextv2_nano.fcmae_ft_in22k_in1k_384,384,83.362
CNN,ConvNeXt,convnextv2_pico.fcmae_ft_in1k,224,80.304
CNN,ConvNeXt,convnextv2_pico.fcmae_ft_in1k,288,81.056
CNN,ConvNeXt,convnextv2_tiny.fcmae_ft_in1k,224,82.948
CNN,ConvNeXt,convnextv2_tiny.fcmae_ft_in1k,288,83.476
CNN,ConvNeXt,convnextv2_tiny.fcmae_ft_in22k_in1k,224,83.904
CNN,ConvNeXt,convnextv2_tiny.fcmae_ft_in22k_in1k,288,84.422
CNN,ConvNeXt,convnextv2_tiny.fcmae_ft_in22k_in1k_384,384,85.106
Hybrid,CrossViT,crossvit_15_240.in1k,240,81.518
Hybrid,CrossViT,crossvit_15_dagger_240.in1k,240,82.306
Hybrid,CrossViT,crossvit_15_dagger_408.in1k,408,83.84
Hybrid,CrossViT,crossvit_18_240.in1k,240,82.386
Hybrid,CrossViT,crossvit_18_dagger_240.in1k,240,82.504
Hybrid,CrossViT,crossvit_18_dagger_408.in1k,408,84.202
Hybrid,CrossViT,crossvit_9_240.in1k,240,73.976
Hybrid,CrossViT,crossvit_9_dagger_240.in1k,240,76.986
Hybrid,CrossViT,crossvit_base_240.in1k,240,82.228
Hybrid,CrossViT,crossvit_small_240.in1k,240,81.04
Hybrid,CrossViT,crossvit_tiny_240.in1k,240,73.33
CNN,CS3-DarkNet,cs3darknet_focus_l.c2ns_in1k,256,80.252
CNN,CS3-DarkNet,cs3darknet_focus_l.c2ns_in1k,288,80.91
CNN,CS3-DarkNet,cs3darknet_focus_m.c2ns_in1k,256,76.774
CNN,CS3-DarkNet,cs3darknet_focus_m.c2ns_in1k,288,77.292
CNN,CS3-DarkNet,cs3darknet_l.c2ns_in1k,256,80.354
CNN,CS3-DarkNet,cs3darknet_l.c2ns_in1k,288,80.888
CNN,CS3-DarkNet,cs3darknet_m.c2ns_in1k,256,76.982
CNN,CS3-DarkNet,cs3darknet_m.c2ns_in1k,288,77.628
CNN,CS3-DarkNet,cs3darknet_x.c2ns_in1k,256,81.856
CNN,CS3-DarkNet,cs3darknet_x.c2ns_in1k,288,82.236
CNN,CS3-EdgeNet,cs3edgenet_x.c2_in1k,256,82.214
CNN,CS3-EdgeNet,cs3edgenet_x.c2_in1k,288,82.746
Hybrid,CS3-SE-EdgeNet,cs3se_edgenet_x.c2ns_in1k,256,82.76
Hybrid,CS3-SE-EdgeNet,cs3se_edgenet_x.c2ns_in1k,320,83.544
Hybrid,CS3-SE-DarkNet,cs3sedarknet_l.c2ns_in1k,256,81.22
Hybrid,CS3-SE-DarkNet,cs3sedarknet_l.c2ns_in1k,288,81.766
Hybrid,CS3-SE-DarkNet,cs3sedarknet_x.c2ns_in1k,256,81.926
Hybrid,CS3-SE-DarkNet,cs3sedarknet_x.c2ns_in1k,288,82.65
CNN,CSP-DarkNet,cspdarknet53.ra_in1k,256,80.106
CNN,CSP-DarkNet,cspresnet50.ra_in1k,256,79.588
CNN,CSP-DarkNet,cspresnext50.ra_in1k,256,80.552
CNN,DarkNet,darknet53.c2ns_in1k,256,80.002
CNN,DarkNet,darknet53.c2ns_in1k,288,80.542
CNN,DarkNet,darknetaa53.c2ns_in1k,256,79.746
CNN,DarkNet,darknetaa53.c2ns_in1k,288,80.528
Hybrid,DaViT,davit_base.msft_in1k,224,84.65
Hybrid,DaViT,davit_small.msft_in1k,224,84.266
Hybrid,DaViT,davit_tiny.msft_in1k,224,82.698
Transformer,DeiT-III,deit3_base_patch16_224.fb_in1k,224,83.794
Transformer,DeiT-III,deit3_base_patch16_224.fb_in22k_ft_in1k,224,85.728
Transformer,DeiT-III,deit3_base_patch16_384.fb_in1k,384,85.086
Transformer,DeiT-III,deit3_base_patch16_384.fb_in22k_ft_in1k,384,86.744
Transformer,DeiT-III,deit3_huge_patch14_224.fb_in1k,224,85.222
Transformer,DeiT-III,deit3_huge_patch14_224.fb_in22k_ft_in1k,224,87.18
Transformer,DeiT-III,deit3_large_patch16_224.fb_in1k,224,84.778
Transformer,DeiT-III,deit3_large_patch16_224.fb_in22k_ft_in1k,224,86.986
Transformer,DeiT-III,deit3_large_patch16_384.fb_in1k,384,85.818
Transformer,DeiT-III,deit3_large_patch16_384.fb_in22k_ft_in1k,384,87.734
Transformer,DeiT-III,deit3_medium_patch16_224.fb_in1k,224,83.086
Transformer,DeiT-III,deit3_medium_patch16_224.fb_in22k_ft_in1k,224,84.566
Transformer,DeiT-III,deit3_small_patch16_224.fb_in1k,224,81.374
Transformer,DeiT-III,deit3_small_patch16_224.fb_in22k_ft_in1k,224,83.082
Transformer,DeiT-III,deit3_small_patch16_384.fb_in1k,384,83.428
Transformer,DeiT-III,deit3_small_patch16_384.fb_in22k_ft_in1k,384,84.842
Transformer,DeiT,deit_base_distilled_patch16_224.fb_in1k,224,83.388
Transformer,DeiT,deit_base_distilled_patch16_384.fb_in1k,384,85.428
Transformer,DeiT,deit_base_patch16_224.fb_in1k,224,81.98
Transformer,DeiT,deit_base_patch16_384.fb_in1k,384,83.116
Transformer,DeiT,deit_small_distilled_patch16_224.fb_in1k,224,81.216
Transformer,DeiT,deit_small_patch16_224.fb_in1k,224,79.862
Transformer,DeiT,deit_tiny_distilled_patch16_224.fb_in1k,224,74.54
Transformer,DeiT,deit_tiny_patch16_224.fb_in1k,224,72.196
CNN,DenseNet,densenet121.ra_in1k,224,75.576
CNN,DenseNet,densenet121.ra_in1k,288,76.48
CNN,DenseNet,densenet121.tv_in1k,224,74.748
CNN,DenseNet,densenet161.tv_in1k,224,77.35
CNN,DenseNet,densenet169.tv_in1k,224,75.922
CNN,DenseNet,densenet201.tv_in1k,224,77.284
CNN,DenseNet,densenetblur121d.ra_in1k,224,76.572
CNN,DenseNet,densenetblur121d.ra_in1k,288,77.31
CNN,DLA,dla102.in1k,224,78.018
CNN,DLA,dla102x.in1k,224,78.5
CNN,DLA,dla102x2.in1k,224,79.448
CNN,DLA,dla169.in1k,224,78.706
CNN,DLA,dla34.in1k,224,74.632
CNN,DLA,dla46_c.in1k,224,64.88
CNN,DLA,dla46x_c.in1k,224,66.008
CNN,DLA,dla60.in1k,224,77.046
CNN,DLA,dla60_res2net.in1k,224,78.48
CNN,DLA,dla60_res2next.in1k,224,78.488
CNN,DLA,dla60x.in1k,224,78.23
CNN,DLA,dla60x_c.in1k,224,67.928
CNN,NFNet,dm_nfnet_f0.dm_in1k,192,81.438
CNN,NFNet,dm_nfnet_f0.dm_in1k,256,83.47
CNN,NFNet,dm_nfnet_f1.dm_in1k,224,83.444
CNN,NFNet,dm_nfnet_f1.dm_in1k,320,84.696
CNN,NFNet,dm_nfnet_f2.dm_in1k,256,84.092
CNN,NFNet,dm_nfnet_f2.dm_in1k,352,85.176
CNN,NFNet,dm_nfnet_f3.dm_in1k,320,85.096
CNN,NFNet,dm_nfnet_f3.dm_in1k,416,85.672
CNN,NFNet,dm_nfnet_f4.dm_in1k,384,85.496
CNN,NFNet,dm_nfnet_f4.dm_in1k,512,85.86
CNN,NFNet,dm_nfnet_f5.dm_in1k,416,85.716
CNN,NFNet,dm_nfnet_f5.dm_in1k,544,86.1
CNN,NFNet,dm_nfnet_f6.dm_in1k,448,86.154
CNN,NFNet,dm_nfnet_f6.dm_in1k,576,86.372
CNN,DPN,dpn107.mx_in1k,224,80.168
CNN,DPN,dpn131.mx_in1k,224,79.834
CNN,DPN,dpn68.mx_in1k,224,76.338
CNN,DPN,dpn68b.mx_in1k,224,77.542
CNN,DPN,dpn68b.ra_in1k,224,78.544
CNN,DPN,dpn68b.ra_in1k,288,79.344
CNN,DPN,dpn92.mx_in1k,224,80.028
CNN,DPN,dpn98.mx_in1k,224,79.656
CNN,ECA-BotNet ,eca_botnext26ts_256.c1_in1k,256,79.272
CNN,ECA-HaloNet ,eca_halonext26ts.c1_in1k,256,79.518
CNN,ECA-NFNet-Lite,eca_nfnet_l0.ra2_in1k,224,81.764
CNN,ECA-NFNet-Lite,eca_nfnet_l0.ra2_in1k,288,82.596
CNN,ECA-NFNet-Lite,eca_nfnet_l1.ra2_in1k,256,83.264
CNN,ECA-NFNet-Lite,eca_nfnet_l1.ra2_in1k,320,84.05
CNN,ECA-NFNet-Lite,eca_nfnet_l2.ra3_in1k,320,84.156
CNN,ECA-NFNet-Lite,eca_nfnet_l2.ra3_in1k,384,84.706
CNN,ECA-ResNeXt,eca_resnet33ts.ra2_in1k,256,80.092
CNN,ECA-ResNeXt,eca_resnet33ts.ra2_in1k,288,80.716
CNN,ECA-ResNeXt,eca_resnext26ts.ch_in1k,256,77.442
CNN,ECA-ResNeXt,eca_resnext26ts.ch_in1k,288,78.016
CNN,ECA-ResNet,ecaresnet101d.miil_in1k,224,82.186
CNN,ECA-ResNet,ecaresnet101d.miil_in1k,288,82.998
CNN,ECA-ResNet,ecaresnet101d_pruned.miil_in1k,224,80.814
CNN,ECA-ResNet,ecaresnet101d_pruned.miil_in1k,288,82.006
CNN,ECA-ResNet,ecaresnet269d.ra2_in1k,320,84.72
CNN,ECA-ResNet,ecaresnet269d.ra2_in1k,352,84.972
CNN,ECA-ResNet,ecaresnet26t.ra2_in1k,256,78.886
CNN,ECA-ResNet,ecaresnet26t.ra2_in1k,320,79.9
CNN,ECA-ResNet,ecaresnet50d.miil_in1k,224,80.618
CNN,ECA-ResNet,ecaresnet50d.miil_in1k,288,81.64
CNN,ECA-ResNet,ecaresnet50d_pruned.miil_in1k,224,79.722
CNN,ECA-ResNet,ecaresnet50d_pruned.miil_in1k,288,80.808
CNN,ECA-ResNet,ecaresnet50t.a1_in1k,224,81.284
CNN,ECA-ResNet,ecaresnet50t.a1_in1k,288,82.112
CNN,ECA-ResNet,ecaresnet50t.a2_in1k,224,80.884
CNN,ECA-ResNet,ecaresnet50t.a2_in1k,288,81.682
CNN,ECA-ResNet,ecaresnet50t.a3_in1k,160,77.78
CNN,ECA-ResNet,ecaresnet50t.a3_in1k,224,79.548
CNN,ECA-ResNet,ecaresnet50t.ra2_in1k,256,81.446
CNN,ECA-ResNet,ecaresnet50t.ra2_in1k,320,82.37
CNN,ECA-ResNet,ecaresnetlight.miil_in1k,224,80.456
CNN,ECA-ResNet,ecaresnetlight.miil_in1k,288,81.416
Hybrid,EdgeNeXt,edgenext_base.in21k_ft_in1k,256,83.416
Hybrid,EdgeNeXt,edgenext_base.in21k_ft_in1k,320,84.076
Hybrid,EdgeNeXt,edgenext_base.usi_in1k,256,83.684
Hybrid,EdgeNeXt,edgenext_base.usi_in1k,320,83.97
Hybrid,EdgeNeXt,edgenext_small.usi_in1k,256,81.064
Hybrid,EdgeNeXt,edgenext_small.usi_in1k,320,81.572
Hybrid,EdgeNeXt,edgenext_small_rw.sw_in1k,256,79.59
Hybrid,EdgeNeXt,edgenext_small_rw.sw_in1k,320,80.452
Hybrid,EdgeNeXt,edgenext_x_small.in1k,256,74.88
Hybrid,EdgeNeXt,edgenext_x_small.in1k,288,75.706
Hybrid,EdgeNeXt,edgenext_xx_small.in1k,256,71.116
Hybrid,EdgeNeXt,edgenext_xx_small.in1k,288,71.886
Hybrid,EfficientFormer,efficientformer_l1.snap_dist_in1k,224,80.502
Hybrid,EfficientFormer,efficientformer_l3.snap_dist_in1k,224,82.564
Hybrid,EfficientFormer,efficientformer_l7.snap_dist_in1k,224,83.386
Hybrid,EfficientFormer,efficientformerv2_l.snap_dist_in1k,224,83.64
Hybrid,EfficientFormer,efficientformerv2_s0.snap_dist_in1k,224,76.116
Hybrid,EfficientFormer,efficientformerv2_s1.snap_dist_in1k,224,79.684
Hybrid,EfficientFormer,efficientformerv2_s2.snap_dist_in1k,224,82.15
CNN,EfficientNet,efficientnet_b0.ra4_e3600_r224_in1k,224,78.572
CNN,EfficientNet,efficientnet_b0.ra4_e3600_r224_in1k,256,79.37
CNN,EfficientNet,efficientnet_b0.ra_in1k,224,77.696
CNN,EfficientNet,efficientnet_b1.ft_in1k,224,77.594
CNN,EfficientNet,efficientnet_b1.ft_in1k,256,78.798
CNN,EfficientNet,efficientnet_b1.ra4_e3600_r240_in1k,240,80.404
CNN,EfficientNet,efficientnet_b1.ra4_e3600_r240_in1k,288,81.434
CNN,EfficientNet,efficientnet_b1_pruned.in1k,240,78.252
CNN,EfficientNet,efficientnet_b2.ra_in1k,256,79.34
CNN,EfficientNet,efficientnet_b2.ra_in1k,288,80.61
CNN,EfficientNet,efficientnet_b2_pruned.in1k,260,79.908
CNN,EfficientNet,efficientnet_b3.ra2_in1k,288,81.474
CNN,EfficientNet,efficientnet_b3.ra2_in1k,320,82.298
CNN,EfficientNet,efficientnet_b3_pruned.in1k,300,80.872
CNN,EfficientNet,efficientnet_b4.ra2_in1k,320,82.654
CNN,EfficientNet,efficientnet_b4.ra2_in1k,384,83.474
CNN,EfficientNet,efficientnet_b5.sw_in12k_ft_in1k,448,85.892
CNN,EfficientNet,efficientnet_el.ra_in1k,300,81.306
CNN,EfficientNet,efficientnet_el_pruned.in1k,300,80.294
CNN,EfficientNet,efficientnet_em.ra2_in1k,240,79.264
CNN,EfficientNet,efficientnet_es.ra_in1k,224,78.092
CNN,EfficientNet,efficientnet_es_pruned.in1k,224,75.0
CNN,EfficientNet,efficientnet_lite0.ra_in1k,224,75.49
CNN,EfficientNet-v2,efficientnetv2_rw_m.agc_in1k,320,84.294
CNN,EfficientNet-v3,efficientnetv2_rw_m.agc_in1k,416,84.824
CNN,EfficientNet-v4,efficientnetv2_rw_s.ra2_in1k,288,82.888
CNN,EfficientNet-v5,efficientnetv2_rw_s.ra2_in1k,384,83.83
CNN,EfficientNet-v6,efficientnetv2_rw_t.ra2_in1k,224,81.372
CNN,EfficientNet-v7,efficientnetv2_rw_t.ra2_in1k,288,82.354
Hybrid,EfficientViT,efficientvit_b0.r224_in1k,224,71.404
Hybrid,EfficientViT,efficientvit_b1.r224_in1k,224,79.24
Hybrid,EfficientViT,efficientvit_b1.r256_in1k,256,79.744
Hybrid,EfficientViT,efficientvit_b1.r288_in1k,288,80.31
Hybrid,EfficientViT,efficientvit_b2.r224_in1k,224,82.162
Hybrid,EfficientViT,efficientvit_b2.r256_in1k,256,82.712
Hybrid,EfficientViT,efficientvit_b2.r288_in1k,288,83.084
Hybrid,EfficientViT,efficientvit_b3.r224_in1k,224,83.444
Hybrid,EfficientViT,efficientvit_b3.r256_in1k,256,83.814
Hybrid,EfficientViT,efficientvit_b3.r288_in1k,288,84.156
Hybrid,EfficientViT,efficientvit_l1.r224_in1k,224,84.448
Hybrid,EfficientViT,efficientvit_l2.r224_in1k,224,85.044
Hybrid,EfficientViT,efficientvit_l2.r256_in1k,256,85.368
Hybrid,EfficientViT,efficientvit_l2.r288_in1k,288,85.614
Hybrid,EfficientViT,efficientvit_l2.r384_in1k,384,85.982
Hybrid,EfficientViT,efficientvit_l3.r224_in1k,224,85.812
Hybrid,EfficientViT,efficientvit_l3.r256_in1k,256,85.954
Hybrid,EfficientViT,efficientvit_l3.r320_in1k,320,86.23
Hybrid,EfficientViT,efficientvit_l3.r384_in1k,384,86.398
Hybrid,EfficientViT,efficientvit_m0.r224_in1k,224,63.294
Hybrid,EfficientViT,efficientvit_m1.r224_in1k,224,68.352
Hybrid,EfficientViT,efficientvit_m2.r224_in1k,224,70.8
Hybrid,EfficientViT,efficientvit_m3.r224_in1k,224,73.408
Hybrid,EfficientViT,efficientvit_m4.r224_in1k,224,74.346
Hybrid,EfficientViT,efficientvit_m5.r224_in1k,224,77.082
CNN,VoVNet-v2,ese_vovnet19b_dw.ra_in1k,224,76.798
CNN,VoVNet-v2,ese_vovnet19b_dw.ra_in1k,288,77.798
CNN,VoVNet-v2,ese_vovnet39b.ra_in1k,224,79.316
CNN,VoVNet-v2,ese_vovnet39b.ra_in1k,288,80.378
Transformer,EVA02,eva02_base_patch14_448.mim_in22k_ft_in1k,448,88.266
Transformer,EVA03,eva02_base_patch14_448.mim_in22k_ft_in22k_in1k,448,88.682
Transformer,EVA04,eva02_large_patch14_448.mim_in22k_ft_in1k,448,89.632
Transformer,EVA05,eva02_large_patch14_448.mim_in22k_ft_in22k_in1k,448,89.966
Transformer,EVA06,eva02_large_patch14_448.mim_m38m_ft_in1k,448,89.554
Transformer,EVA07,eva02_large_patch14_448.mim_m38m_ft_in22k_in1k,448,90.054
Transformer,EVA08,eva02_small_patch14_336.mim_in22k_ft_in1k,336,85.76
Transformer,EVA09,eva02_tiny_patch14_336.mim_in22k_ft_in1k,336,80.672
Transformer,EVA-CLIP,eva_giant_patch14_224.clip_ft_in1k,224,88.886
Transformer,EVA-CLIP,eva_giant_patch14_336.clip_ft_in1k,336,89.462
Transformer,EVA-CLIP,eva_giant_patch14_336.m30m_ft_in22k_in1k,336,89.57
Transformer,EVA-CLIP,eva_giant_patch14_560.m30m_ft_in22k_in1k,560,89.796
Transformer,EVA,eva_large_patch14_196.in22k_ft_in1k,196,87.956
Transformer,EVA,eva_large_patch14_196.in22k_ft_in22k_in1k,196,88.596
Transformer,EVA,eva_large_patch14_336.in22k_ft_in1k,336,88.69
Transformer,EVA,eva_large_patch14_336.in22k_ft_in22k_in1k,336,89.25
Hybrid,FastViT,fastvit_ma36.apple_dist_in1k,256,84.606
Hybrid,FastViT,fastvit_ma36.apple_in1k,256,83.884
Hybrid,FastViT,fastvit_s12.apple_dist_in1k,256,81.074
Hybrid,FastViT,fastvit_s12.apple_in1k,256,79.92
Hybrid,FastViT,fastvit_sa12.apple_dist_in1k,256,81.842
Hybrid,FastViT,fastvit_sa12.apple_in1k,256,80.84
Hybrid,FastViT,fastvit_sa24.apple_dist_in1k,256,83.362
Hybrid,FastViT,fastvit_sa24.apple_in1k,256,82.706
Hybrid,FastViT,fastvit_sa36.apple_dist_in1k,256,84.032
Hybrid,FastViT,fastvit_sa36.apple_in1k,256,83.504
Hybrid,FastViT,fastvit_t12.apple_dist_in1k,256,80.364
Hybrid,FastViT,fastvit_t12.apple_in1k,256,79.276
Hybrid,FastViT,fastvit_t8.apple_dist_in1k,256,77.172
Hybrid,FastViT,fastvit_t8.apple_in1k,256,76.184
CNN,FBNet,fbnetc_100.rmsp_in1k,224,75.114
CNN,FBNet-v3,fbnetv3_b.ra2_in1k,224,78.16
CNN,FBNet-v3,fbnetv3_b.ra2_in1k,256,79.154
CNN,FBNet-v3,fbnetv3_d.ra2_in1k,224,78.656
CNN,FBNet-v3,fbnetv3_d.ra2_in1k,256,79.664
CNN,FBNet-v3,fbnetv3_g.ra2_in1k,240,81.252
CNN,FBNet-v3,fbnetv3_g.ra2_in1k,288,82.04
Transformer,FlexiViT,flexivit_base.1200ep_in1k,240,84.688
Transformer,FlexiViT,flexivit_base.300ep_in1k,240,84.402
Transformer,FlexiViT,flexivit_base.600ep_in1k,240,84.56
Transformer,FlexiViT,flexivit_large.1200ep_in1k,240,85.644
Transformer,FlexiViT,flexivit_large.300ep_in1k,240,85.282
Transformer,FlexiViT,flexivit_large.600ep_in1k,240,85.53
Transformer,FlexiViT,flexivit_small.1200ep_in1k,240,82.592
Transformer,FlexiViT,flexivit_small.300ep_in1k,240,82.17
Transformer,FlexiViT,flexivit_small.600ep_in1k,240,82.392
Transformer,FocalNet,focalnet_base_lrf.ms_in1k,224,83.828
Transformer,FocalNet,focalnet_base_srf.ms_in1k,224,83.808
Transformer,FocalNet,focalnet_small_lrf.ms_in1k,224,83.508
Transformer,FocalNet,focalnet_small_srf.ms_in1k,224,83.43
Transformer,FocalNet,focalnet_tiny_lrf.ms_in1k,224,82.174
Transformer,FocalNet,focalnet_tiny_srf.ms_in1k,224,82.144
Hybrid,GC-EfficientNet-v2,gc_efficientnetv2_rw_t.agc_in1k,224,81.268
Hybrid,GC-EfficientNet-v2,gc_efficientnetv2_rw_t.agc_in1k,288,82.48
CNN,GC-ResNet,gcresnet33ts.ra2_in1k,256,80.078
CNN,GC-ResNet,gcresnet33ts.ra2_in1k,288,80.588
CNN,GC-ResNet,gcresnet50t.ra2_in1k,256,80.95
CNN,GC-ResNet,gcresnet50t.ra2_in1k,288,81.458
CNN,GC-ResNeXt,gcresnext26ts.ch_in1k,256,77.816
CNN,GC-ResNeXt,gcresnext26ts.ch_in1k,288,78.438
CNN,GC-ResNeXt,gcresnext50ts.ch_in1k,256,80.608
CNN,GC-ResNeXt,gcresnext50ts.ch_in1k,288,81.234
Hybrid,GC-ViT,gcvit_base.in1k,224,84.454
Hybrid,GC-ViT,gcvit_small.in1k,224,83.908
Hybrid,GC-ViT,gcvit_tiny.in1k,224,83.4
Hybrid,GC-ViT,gcvit_xtiny.in1k,224,81.968
Hybrid,GC-ViT,gcvit_xxtiny.in1k,224,79.75
CNN,GENet,gernet_l.idstcv_in1k,256,81.374
CNN,GENet,gernet_m.idstcv_in1k,224,80.726
CNN,GENet,gernet_s.idstcv_in1k,224,76.902
CNN,GhostNet,ghostnet_100.in1k,224,73.96
CNN,GhostNetV2,ghostnetv2_100.in1k,224,75.176
CNN,GhostNetV2,ghostnetv2_130.in1k,224,76.762
CNN,GhostNetV2,ghostnetv2_160.in1k,224,77.836
MLP,G-Mixer,gmixer_24_224.ra3_in1k,224,78.048
MLP,gMLP,gmlp_s16_224.ra3_in1k,224,79.644
Hybrid,Halo+BoTNet,halo2botnet50ts_256.a1h_in1k,256,82.084
Hybrid,HaloNet,halonet26t.a1h_in1k,256,79.134
Hybrid,HaloNet,halonet50ts.a1h_in1k,256,81.65
Hybrid,HaloNet,haloregnetz_b.ra3_in1k,224,81.052
CNN,HardCoReNAS,hardcorenas_a.miil_green_in1k,224,75.926
CNN,HardCoReNAS,hardcorenas_b.miil_green_in1k,224,76.552
CNN,HardCoReNAS,hardcorenas_c.miil_green_in1k,224,77.094
CNN,HardCoReNAS,hardcorenas_d.miil_green_in1k,224,77.45
CNN,HardCoReNAS,hardcorenas_e.miil_green_in1k,224,77.79
CNN,HardCoReNAS,hardcorenas_f.miil_green_in1k,224,78.108
CNN,HGNet,hgnet_base.ssld_in1k,224,84.912
CNN,HGNet,hgnet_base.ssld_in1k,288,85.472
CNN,HGNet,hgnet_small.paddle_in1k,224,81.426
CNN,HGNet,hgnet_small.paddle_in1k,288,82.214
CNN,HGNet,hgnet_small.ssld_in1k,224,83.81
CNN,HGNet,hgnet_small.ssld_in1k,288,84.378
CNN,HGNet,hgnet_tiny.paddle_in1k,224,79.888
CNN,HGNet,hgnet_tiny.paddle_in1k,288,80.648
CNN,HGNet,hgnet_tiny.ssld_in1k,224,81.94
CNN,HGNet,hgnet_tiny.ssld_in1k,288,82.524
CNN,HGNet-V2,hgnetv2_b0.ssld_stage1_in22k_in1k,224,76.844
CNN,HGNet-V2,hgnetv2_b0.ssld_stage1_in22k_in1k,288,78.034
CNN,HGNet-V2,hgnetv2_b0.ssld_stage2_ft_in1k,224,77.342
CNN,HGNet-V2,hgnetv2_b0.ssld_stage2_ft_in1k,288,78.598
CNN,HGNet-V2,hgnetv2_b1.ssld_stage1_in22k_in1k,224,78.078
CNN,HGNet-V2,hgnetv2_b1.ssld_stage1_in22k_in1k,288,79.048
CNN,HGNet-V2,hgnetv2_b1.ssld_stage2_ft_in1k,224,78.896
CNN,HGNet-V2,hgnetv2_b1.ssld_stage2_ft_in1k,288,79.904
CNN,HGNet-V2,hgnetv2_b2.ssld_stage1_in22k_in1k,224,80.746
CNN,HGNet-V2,hgnetv2_b2.ssld_stage1_in22k_in1k,288,81.46
CNN,HGNet-V2,hgnetv2_b2.ssld_stage2_ft_in1k,224,81.566
CNN,HGNet-V2,hgnetv2_b2.ssld_stage2_ft_in1k,288,82.36
CNN,HGNet-V2,hgnetv2_b3.ssld_stage1_in22k_in1k,224,82.61
CNN,HGNet-V2,hgnetv2_b3.ssld_stage1_in22k_in1k,288,83.114
CNN,HGNet-V2,hgnetv2_b3.ssld_stage2_ft_in1k,224,82.91
CNN,HGNet-V2,hgnetv2_b3.ssld_stage2_ft_in1k,288,83.58
CNN,HGNet-V2,hgnetv2_b4.ssld_stage1_in22k_in1k,224,82.886
CNN,HGNet-V2,hgnetv2_b4.ssld_stage1_in22k_in1k,288,83.448
CNN,HGNet-V2,hgnetv2_b4.ssld_stage2_ft_in1k,224,83.694
CNN,HGNet-V2,hgnetv2_b4.ssld_stage2_ft_in1k,288,83.934
CNN,HGNet-V2,hgnetv2_b5.ssld_stage1_in22k_in1k,224,84.456
CNN,HGNet-V2,hgnetv2_b5.ssld_stage1_in22k_in1k,288,84.924
CNN,HGNet-V2,hgnetv2_b5.ssld_stage2_ft_in1k,224,84.81
CNN,HGNet-V2,hgnetv2_b5.ssld_stage2_ft_in1k,288,85.15
CNN,HGNet-V2,hgnetv2_b6.ssld_stage1_in22k_in1k,224,86.052
CNN,HGNet-V2,hgnetv2_b6.ssld_stage1_in22k_in1k,288,86.298
CNN,HGNet-V2,hgnetv2_b6.ssld_stage2_ft_in1k,224,86.206
CNN,HGNet-V2,hgnetv2_b6.ssld_stage2_ft_in1k,288,86.384
Transformer,Hiera,hiera_base_224.mae_in1k_ft_in1k,224,84.526
Transformer,Hiera,hiera_base_plus_224.mae_in1k_ft_in1k,224,85.134
Transformer,Hiera,hiera_huge_224.mae_in1k_ft_in1k,224,86.834
Transformer,Hiera,hiera_large_224.mae_in1k_ft_in1k,224,86.044
Transformer,Hiera,hiera_small_224.mae_in1k_ft_in1k,224,83.886
Transformer,Hiera,hiera_small_abswin_256.sbb2_e200_in12k_ft_in1k,256,84.9
Transformer,Hiera,hiera_small_abswin_256.sbb2_pd_e200_in12k_ft_in1k,256,84.554
Transformer,Hiera,hiera_tiny_224.mae_in1k_ft_in1k,224,82.824
CNN,HRNet,hrnet_w18.ms_aug_in1k,224,78.116
CNN,HRNet,hrnet_w18.ms_in1k,224,76.76
CNN,HRNet,hrnet_w18_small.gluon_in1k,224,73.932
CNN,HRNet,hrnet_w18_small.ms_in1k,224,72.334
CNN,HRNet,hrnet_w18_small_v2.gluon_in1k,224,78.184
CNN,HRNet,hrnet_w18_small_v2.ms_in1k,224,75.098
CNN,HRNet,hrnet_w18_ssld.paddle_in1k,224,81.132
CNN,HRNet,hrnet_w18_ssld.paddle_in1k,288,82.048
CNN,HRNet,hrnet_w30.ms_in1k,224,78.214
CNN,HRNet,hrnet_w32.ms_in1k,224,78.456
CNN,HRNet,hrnet_w40.ms_in1k,224,78.924
CNN,HRNet,hrnet_w44.ms_in1k,224,78.882
CNN,HRNet,hrnet_w48.ms_in1k,224,79.324
CNN,HRNet,hrnet_w48_ssld.paddle_in1k,224,83.678
CNN,HRNet,hrnet_w48_ssld.paddle_in1k,288,84.484
CNN,HRNet,hrnet_w64.ms_in1k,224,79.458
CNN,InceptionNeXt,inception_next_base.sail_in1k,224,84.098
CNN,InceptionNeXt,inception_next_base.sail_in1k_384,384,85.2
CNN,InceptionNeXt,inception_next_small.sail_in1k,224,83.584
CNN,InceptionNeXt,inception_next_tiny.sail_in1k,224,82.508
CNN,Inception-ResNet-v2,inception_resnet_v2.tf_ens_adv_in1k,299,79.992
CNN,Inception-ResNet-v3,inception_resnet_v2.tf_in1k,299,80.446
CNN,Inception-v3,inception_v3.gluon_in1k,299,78.804
CNN,Inception-v3,inception_v3.tf_adv_in1k,299,77.596
CNN,Inception-v3,inception_v3.tf_in1k,299,77.866
CNN,Inception-v3,inception_v3.tv_in1k,299,77.474
CNN,Inception-v4,inception_v4.tf_in1k,299,80.144
Hybrid,LambdaNet,lambda_resnet26rpt_256.c1_in1k,256,78.954
Hybrid,LambdaNet,lambda_resnet26t.c1_in1k,256,79.126
Hybrid,LambdaNet,lambda_resnet50ts.a1h_in1k,256,81.186
Hybrid,Lambda+Halo+BoTNet,lamhalobotnet50ts_256.a1h_in1k,256,81.548
CNN,LCNet,lcnet_050.ra2_in1k,224,63.13
CNN,LCNet,lcnet_075.ra2_in1k,224,68.784
CNN,LCNet,lcnet_100.ra2_in1k,224,72.128
Hybrid,LeViT,levit_128.fb_dist_in1k,224,78.486
Hybrid,LeViT,levit_128s.fb_dist_in1k,224,76.522
Hybrid,LeViT,levit_192.fb_dist_in1k,224,79.85
Hybrid,LeViT,levit_256.fb_dist_in1k,224,81.506
Hybrid,LeViT,levit_384.fb_dist_in1k,224,82.598
Hybrid,LeViT,levit_conv_128.fb_dist_in1k,224,78.488
Hybrid,LeViT,levit_conv_128s.fb_dist_in1k,224,76.534
Hybrid,LeViT,levit_conv_192.fb_dist_in1k,224,79.86
Hybrid,LeViT,levit_conv_256.fb_dist_in1k,224,81.506
Hybrid,LeViT,levit_conv_384.fb_dist_in1k,224,82.6
Hybrid,MaxViT,maxvit_base_tf_224.in1k,224,84.87
Hybrid,MaxViT,maxvit_base_tf_384.in1k,384,86.294
Hybrid,MaxViT,maxvit_base_tf_384.in21k_ft_in1k,384,87.928
Hybrid,MaxViT,maxvit_base_tf_512.in1k,512,86.598
Hybrid,MaxViT,maxvit_base_tf_512.in21k_ft_in1k,512,88.212
Hybrid,MaxViT,maxvit_large_tf_224.in1k,224,84.934
Hybrid,MaxViT,maxvit_large_tf_384.in1k,384,86.236
Hybrid,MaxViT,maxvit_large_tf_384.in21k_ft_in1k,384,87.996
Hybrid,MaxViT,maxvit_large_tf_512.in1k,512,86.534
Hybrid,MaxViT,maxvit_large_tf_512.in21k_ft_in1k,512,88.236
Hybrid,MaxViT,maxvit_nano_rw_256.sw_in1k,256,82.942
Hybrid,MaxViT,maxvit_rmlp_base_rw_224.sw_in12k_ft_in1k,224,86.908
Hybrid,MaxViT,maxvit_rmlp_base_rw_384.sw_in12k_ft_in1k,384,87.812
Hybrid,MaxViT,maxvit_rmlp_nano_rw_256.sw_in1k,256,82.98
Hybrid,MaxViT,maxvit_rmlp_pico_rw_256.sw_in1k,256,80.55
Hybrid,MaxViT,maxvit_rmlp_small_rw_224.sw_in1k,224,84.484
Hybrid,MaxViT,maxvit_rmlp_tiny_rw_256.sw_in1k,256,84.234
Hybrid,MaxViT,maxvit_small_tf_224.in1k,224,84.456
Hybrid,MaxViT,maxvit_small_tf_384.in1k,384,85.534
Hybrid,MaxViT,maxvit_small_tf_512.in1k,512,86.104
Hybrid,MaxViT,maxvit_tiny_rw_224.sw_in1k,224,83.522
Hybrid,MaxViT,maxvit_tiny_tf_224.in1k,224,83.422
Hybrid,MaxViT,maxvit_tiny_tf_384.in1k,384,85.102
Hybrid,MaxViT,maxvit_tiny_tf_512.in1k,512,85.66
Hybrid,MaxViT,maxvit_xlarge_tf_384.in21k_ft_in1k,384,88.304
Hybrid,MaxViT,maxvit_xlarge_tf_512.in21k_ft_in1k,512,88.54
Hybrid,MaxxViT,maxxvit_rmlp_nano_rw_256.sw_in1k,256,83.026
Hybrid,MaxxViT,maxxvit_rmlp_small_rw_256.sw_in1k,256,84.64
Hybrid,MaxxViT-V2,maxxvitv2_nano_rw_256.sw_in1k,256,83.104
Hybrid,MaxxViT-V2,maxxvitv2_rmlp_base_rw_224.sw_in12k_ft_in1k,224,86.638
Hybrid,MaxxViT-V2,maxxvitv2_rmlp_base_rw_384.sw_in12k_ft_in1k,384,87.478
MLP,MLP-Mixer,mixer_b16_224.goog_in21k_ft_in1k,224,76.64
MLP,MLP-Mixer,mixer_b16_224.miil_in21k_ft_in1k,224,82.31
MLP,MLP-Mixer,mixer_l16_224.goog_in21k_ft_in1k,224,72.09
CNN,MixNet,mixnet_l.ft_in1k,224,78.97
CNN,MixNet,mixnet_m.ft_in1k,224,77.274
CNN,MixNet,mixnet_s.ft_in1k,224,76.002
CNN,MixNet,mixnet_xl.ra_in1k,224,80.49
CNN,MNasNet,mnasnet_100.rmsp_in1k,224,74.662
CNN,MNasNet,mnasnet_small.lamb_in1k,224,66.196
CNN,MobileNet-EdgeTPU-V2,mobilenet_edgetpu_v2_m,224,80.118
CNN,MobileNet-EdgeTPU-V3,mobilenet_edgetpu_v2_m,256,80.682
CNN,MobileNet-EdgeTPU-V4,mobilenet_edgetpu_v2_m.ra4_e3600_r224_in1k,224,80.13
CNN,MobileNet-EdgeTPU-V5,mobilenet_edgetpu_v2_m.ra4_e3600_r224_in1k,256,80.684
CNN,MobileNet-V1,mobilenetv1_100.ra4_e3600_r224_in1k,224,75.384
CNN,MobileNet-V1,mobilenetv1_100.ra4_e3600_r224_in1k,256,76.086
CNN,MobileNet-V1,mobilenetv1_100h.ra4_e3600_r224_in1k,224,75.658
CNN,MobileNet-V1,mobilenetv1_100h.ra4_e3600_r224_in1k,256,76.594
CNN,MobileNet-V1,mobilenetv1_125.ra4_e3600_r224_in1k,224,76.928
CNN,MobileNet-V1,mobilenetv1_125.ra4_e3600_r224_in1k,256,77.584
CNN,MobileNet-V2,mobilenetv2_050.lamb_in1k,224,65.93
CNN,MobileNet-V2,mobilenetv2_100.ra_in1k,224,72.936
CNN,MobileNet-V2,mobilenetv2_110d.ra_in1k,224,75.054
CNN,MobileNet-V2,mobilenetv2_120d.ra_in1k,224,77.298
CNN,MobileNet-V2,mobilenetv2_140.ra_in1k,224,76.528
CNN,MobileNet-V3,mobilenetv3_large_100.miil_in21k_ft_in1k,224,77.91
CNN,MobileNet-V3,mobilenetv3_large_100.ra_in1k,224,75.786
CNN,MobileNet-V3,mobilenetv3_rw.rmsp_in1k,224,75.614
CNN,MobileNet-V3,mobilenetv3_small_050.lamb_in1k,224,57.924
CNN,MobileNet-V3,mobilenetv3_small_075.lamb_in1k,224,65.266
CNN,MobileNet-V3,mobilenetv3_small_100.lamb_in1k,224,67.638
CNN,MobileNet-V4,mobilenetv4_conv_aa_large.e230_r384_in12k_ft_in1k,384,84.314
CNN,MobileNet-V4,mobilenetv4_conv_aa_large.e230_r384_in12k_ft_in1k,480,84.78
CNN,MobileNet-V4,mobilenetv4_conv_aa_large.e230_r448_in12k_ft_in1k,448,84.668
CNN,MobileNet-V4,mobilenetv4_conv_aa_large.e230_r448_in12k_ft_in1k,544,84.99
CNN,MobileNet-V4,mobilenetv4_conv_aa_large.e600_r384_in1k,384,83.264
CNN,MobileNet-V4,mobilenetv4_conv_aa_large.e600_r384_in1k,480,83.832
CNN,MobileNet-V4,mobilenetv4_conv_blur_medium.e500_r224_in1k,224,79.446
CNN,MobileNet-V4,mobilenetv4_conv_blur_medium.e500_r224_in1k,256,80.152
CNN,MobileNet-V4,mobilenetv4_conv_large.e500_r256_in1k,256,81.864
CNN,MobileNet-V4,mobilenetv4_conv_large.e500_r256_in1k,320,82.674
CNN,MobileNet-V4,mobilenetv4_conv_large.e600_r384_in1k,384,82.974
CNN,MobileNet-V4,mobilenetv4_conv_large.e600_r384_in1k,448,83.418
CNN,MobileNet-V4,mobilenetv4_conv_medium.e500_r224_in1k,224,79.092
CNN,MobileNet-V4,mobilenetv4_conv_medium.e500_r224_in1k,256,79.838
CNN,MobileNet-V4,mobilenetv4_conv_medium.e500_r256_in1k,256,79.922
CNN,MobileNet-V4,mobilenetv4_conv_medium.e500_r256_in1k,320,80.88
CNN,MobileNet-V4,mobilenetv4_conv_small.e1200_r224_in1k,224,73.436
CNN,MobileNet-V4,mobilenetv4_conv_small.e1200_r224_in1k,256,74.29
CNN,MobileNet-V4,mobilenetv4_conv_small.e2400_r224_in1k,224,73.73
CNN,MobileNet-V4,mobilenetv4_conv_small.e2400_r224_in1k,256,74.644
Hybrid,MobileNet-V4--Hybrid,mobilenetv4_hybrid_large.e600_r384_in1k,384,83.822
Hybrid,MobileNet-V4--Hybrid,mobilenetv4_hybrid_large.e600_r384_in1k,448,84.274
Hybrid,MobileNet-V4--Hybrid,mobilenetv4_hybrid_large.ix_e600_r384_in1k,384,83.984
Hybrid,MobileNet-V4--Hybrid,mobilenetv4_hybrid_large.ix_e600_r384_in1k,448,84.364
Hybrid,MobileNet-V4--Hybrid,mobilenetv4_hybrid_medium.e200_r256_in12k_ft_in1k,256,82.362
Hybrid,MobileNet-V4--Hybrid,mobilenetv4_hybrid_medium.e200_r256_in12k_ft_in1k,320,82.99
Hybrid,MobileNet-V4--Hybrid,mobilenetv4_hybrid_medium.e500_r224_in1k,224,80.438
Hybrid,MobileNet-V4--Hybrid,mobilenetv4_hybrid_medium.e500_r224_in1k,256,81.284
Hybrid,MobileNet-V4--Hybrid,mobilenetv4_hybrid_medium.ix_e550_r256_in1k,256,81.474
Hybrid,MobileNet-V4--Hybrid,mobilenetv4_hybrid_medium.ix_e550_r256_in1k,320,82.496
Hybrid,MobileNet-V4--Hybrid,mobilenetv4_hybrid_medium.ix_e550_r384_in1k,384,82.96
Hybrid,MobileNet-V4--Hybrid,mobilenetv4_hybrid_medium.ix_e550_r384_in1k,448,83.422
CNN,MobileOne,mobileone_s0.apple_in1k,224,71.398
CNN,MobileOne,mobileone_s1.apple_in1k,224,75.774
CNN,MobileOne,mobileone_s2.apple_in1k,224,77.504
CNN,MobileOne,mobileone_s3.apple_in1k,224,78.002
CNN,MobileOne,mobileone_s4.apple_in1k,224,79.45
Hybrid,MobileViT,mobilevit_s.cvnets_in1k,256,78.302
Hybrid,MobileViT,mobilevit_xs.cvnets_in1k,256,74.632
Hybrid,MobileViT,mobilevit_xxs.cvnets_in1k,256,68.928
Hybrid,MobileViT-v2,mobilevitv2_050.cvnets_in1k,256,70.158
Hybrid,MobileViT-v3,mobilevitv2_075.cvnets_in1k,256,75.604
Hybrid,MobileViT-v4,mobilevitv2_100.cvnets_in1k,256,78.092
Hybrid,MobileViT-v5,mobilevitv2_125.cvnets_in1k,256,79.678
Hybrid,MobileViT-v6,mobilevitv2_150.cvnets_in1k,256,80.404
Hybrid,MobileViT-v7,mobilevitv2_150.cvnets_in22k_ft_in1k,256,81.47
Hybrid,MobileViT-v8,mobilevitv2_150.cvnets_in22k_ft_in1k_384,384,82.606
Hybrid,MobileViT-v9,mobilevitv2_175.cvnets_in1k,256,80.874
Hybrid,MobileViT-v10,mobilevitv2_175.cvnets_in22k_ft_in1k,256,81.944
Hybrid,MobileViT-v11,mobilevitv2_175.cvnets_in22k_ft_in1k_384,384,82.928
Hybrid,MobileViT-v12,mobilevitv2_200.cvnets_in1k,256,81.148
Hybrid,MobileViT-v13,mobilevitv2_200.cvnets_in22k_ft_in1k,256,82.322
Hybrid,MobileViT-v14,mobilevitv2_200.cvnets_in22k_ft_in1k_384,384,83.41
Hybrid,MViT-v2,mvitv2_base.fb_in1k,224,84.438
Hybrid,MViT-v2,mvitv2_large.fb_in1k,224,85.264
Hybrid,MViT-v2,mvitv2_small.fb_in1k,224,83.772
Hybrid,MViT-v2,mvitv2_tiny.fb_in1k,224,82.408
CNN,NasNet,nasnetalarge.tf_in1k,331,82.636
Hybrid,NesT,nest_base_jx.goog_in1k,224,83.546
Hybrid,NesT,nest_small_jx.goog_in1k,224,83.122
Hybrid,NesT,nest_tiny_jx.goog_in1k,224,81.428
Hybrid,Next-ViT,nextvit_base.bd_in1k,224,83.496
Hybrid,Next-ViT,nextvit_base.bd_in1k_384,384,84.726
Hybrid,Next-ViT,nextvit_base.bd_ssld_6m_in1k,224,85.182
Hybrid,Next-ViT,nextvit_base.bd_ssld_6m_in1k_384,384,86.364
Hybrid,Next-ViT,nextvit_large.bd_in1k,224,83.642
Hybrid,Next-ViT,nextvit_large.bd_in1k_384,384,84.934
Hybrid,Next-ViT,nextvit_large.bd_ssld_6m_in1k,224,85.524
Hybrid,Next-ViT,nextvit_large.bd_ssld_6m_in1k_384,384,86.542
Hybrid,Next-ViT,nextvit_small.bd_in1k,224,82.62
Hybrid,Next-ViT,nextvit_small.bd_in1k_384,384,84.042
Hybrid,Next-ViT,nextvit_small.bd_ssld_6m_in1k,224,84.856
Hybrid,Next-ViT,nextvit_small.bd_ssld_6m_in1k_384,384,85.956
CNN,NFRegNet,nf_regnet_b1.ra2_in1k,256,78.722
CNN,NFRegNet,nf_regnet_b1.ra2_in1k,288,79.368
CNN,NFResNet,nf_resnet50.ra2_in1k,256,80.224
CNN,NFResNet,nf_resnet50.ra2_in1k,288,80.656
CNN,NFNet-Lite,nfnet_l0.ra2_in1k,224,81.868
CNN,NFNet-Lite,nfnet_l0.ra2_in1k,288,82.756
Transformer,PiT,pit_b_224.in1k,224,82.46
Transformer,PiT,pit_b_distilled_224.in1k,224,83.774
Transformer,PiT,pit_s_224.in1k,224,81.126
Transformer,PiT,pit_s_distilled_224.in1k,224,81.842
Transformer,PiT,pit_ti_224.in1k,224,72.924
Transformer,PiT,pit_ti_distilled_224.in1k,224,74.278
Transformer,PiT,pit_xs_224.in1k,224,78.212
Transformer,PiT,pit_xs_distilled_224.in1k,224,79.168
CNN,PNasNet,pnasnet5large.tf_in1k,331,82.828
Hybrid,PoolFormer,poolformer_m36.sail_in1k,224,82.104
Hybrid,PoolFormer,poolformer_m48.sail_in1k,224,82.462
Hybrid,PoolFormer,poolformer_s12.sail_in1k,224,77.244
Hybrid,PoolFormer,poolformer_s24.sail_in1k,224,80.3
Hybrid,PoolFormer,poolformer_s36.sail_in1k,224,81.432
Hybrid,PoolFormer-v2,poolformerv2_m36.sail_in1k,224,82.214
Hybrid,PoolFormer-v2,poolformerv2_m48.sail_in1k,224,82.612
Hybrid,PoolFormer-v2,poolformerv2_s12.sail_in1k,224,78.008
Hybrid,PoolFormer-v2,poolformerv2_s24.sail_in1k,224,80.752
Hybrid,PoolFormer-v2,poolformerv2_s36.sail_in1k,224,81.576
Transformer,PVT-v2,pvt_v2_b0.in1k,224,70.656
Transformer,PVT-v2,pvt_v2_b1.in1k,224,78.702
Transformer,PVT-v2,pvt_v2_b2.in1k,224,82.094
Transformer,PVT-v2,pvt_v2_b2_li.in1k,224,82.202
Transformer,PVT-v2,pvt_v2_b3.in1k,224,83.118
Transformer,PVT-v2,pvt_v2_b4.in1k,224,83.712
Transformer,PVT-v2,pvt_v2_b5.in1k,224,83.768
CNN,RDNet,rdnet_base.nv_in1k,224,84.368
CNN,RDNet,rdnet_large.nv_in1k,224,84.794
CNN,RDNet,rdnet_large.nv_in1k_ft_in1k_384,384,85.848
CNN,RDNet,rdnet_small.nv_in1k,224,83.668
CNN,RDNet,rdnet_tiny.nv_in1k,224,82.82
CNN,RegNetV,regnetv_040.ra3_in1k,224,82.448
CNN,RegNetV,regnetv_040.ra3_in1k,288,83.2
CNN,RegNetV,regnetv_064.ra3_in1k,224,83.118
CNN,RegNetV,regnetv_064.ra3_in1k,288,83.748
CNN,RegNetX,regnetx_002.pycls_in1k,224,68.76
CNN,RegNetX,regnetx_004.pycls_in1k,224,72.432
CNN,RegNetX,regnetx_004_tv.tv2_in1k,224,74.584
CNN,RegNetX,regnetx_006.pycls_in1k,224,73.884
CNN,RegNetX,regnetx_008.pycls_in1k,224,75.062
CNN,RegNetX,regnetx_008.tv2_in1k,224,77.288
CNN,RegNetX,regnetx_016.pycls_in1k,224,76.924
CNN,RegNetX,regnetx_016.tv2_in1k,224,79.452
CNN,RegNetX,regnetx_032.pycls_in1k,224,78.166
CNN,RegNetX,regnetx_032.tv2_in1k,224,80.926
CNN,RegNetX,regnetx_040.pycls_in1k,224,78.494
CNN,RegNetX,regnetx_064.pycls_in1k,224,79.06
CNN,RegNetX,regnetx_080.pycls_in1k,224,79.216
CNN,RegNetX,regnetx_080.tv2_in1k,224,81.56
CNN,RegNetX,regnetx_120.pycls_in1k,224,79.608
CNN,RegNetX,regnetx_160.pycls_in1k,224,79.858
CNN,RegNetX,regnetx_160.tv2_in1k,224,82.576
CNN,RegNetX,regnetx_320.pycls_in1k,224,80.262
CNN,RegNetX,regnetx_320.tv2_in1k,224,82.824
CNN,RegNetY,regnety_002.pycls_in1k,224,70.294
CNN,RegNetY,regnety_004.pycls_in1k,224,74.006
CNN,RegNetY,regnety_004.tv2_in1k,224,75.588
CNN,RegNetY,regnety_006.pycls_in1k,224,75.262
CNN,RegNetY,regnety_008.pycls_in1k,224,76.334
CNN,RegNetY,regnety_008_tv.tv2_in1k,224,78.656
CNN,RegNetY,regnety_016.pycls_in1k,224,77.908
CNN,RegNetY,regnety_016.tv2_in1k,224,80.696
CNN,RegNetY,regnety_032.pycls_in1k,224,78.896
CNN,RegNetY,regnety_032.ra_in1k,224,81.942
CNN,RegNetY,regnety_032.ra_in1k,288,82.724
CNN,RegNetY,regnety_032.tv2_in1k,224,81.798
CNN,RegNetY,regnety_040.pycls_in1k,224,79.236
CNN,RegNetY,regnety_040.ra3_in1k,224,82.316
CNN,RegNetY,regnety_040.ra3_in1k,288,83.058
CNN,RegNetY,regnety_064.pycls_in1k,224,79.728
CNN,RegNetY,regnety_064.ra3_in1k,224,83.006
CNN,RegNetY,regnety_064.ra3_in1k,288,83.712
CNN,RegNetY,regnety_080.pycls_in1k,224,79.882
CNN,RegNetY,regnety_080.ra3_in1k,224,83.162
CNN,RegNetY,regnety_080.ra3_in1k,288,83.94
CNN,RegNetY,regnety_080_tv.tv2_in1k,224,82.592
CNN,RegNetY,regnety_120.pycls_in1k,224,80.382
CNN,RegNetY,regnety_120.sw_in12k_ft_in1k,224,84.986
CNN,RegNetY,regnety_120.sw_in12k_ft_in1k,288,85.442
CNN,RegNetY,regnety_1280.seer_ft_in1k,384,84.426
CNN,RegNetY,regnety_1280.swag_ft_in1k,384,88.224
CNN,RegNetY,regnety_1280.swag_lc_in1k,224,85.966
CNN,RegNetY,regnety_160.deit_in1k,224,82.994
CNN,RegNetY,regnety_160.deit_in1k,288,83.7
CNN,RegNetY,regnety_160.lion_in12k_ft_in1k,224,85.602
CNN,RegNetY,regnety_160.lion_in12k_ft_in1k,288,86.01
CNN,RegNetY,regnety_160.pycls_in1k,224,80.284
CNN,RegNetY,regnety_160.sw_in12k_ft_in1k,224,85.594
CNN,RegNetY,regnety_160.sw_in12k_ft_in1k,288,86.032
CNN,RegNetY,regnety_160.swag_ft_in1k,384,86.018
CNN,RegNetY,regnety_160.swag_lc_in1k,224,83.808
CNN,RegNetY,regnety_160.tv2_in1k,224,82.646
CNN,RegNetY,regnety_2560.seer_ft_in1k,384,85.146
CNN,RegNetY,regnety_320.pycls_in1k,224,80.796
CNN,RegNetY,regnety_320.seer_ft_in1k,384,83.326
CNN,RegNetY,regnety_320.swag_ft_in1k,384,86.86
CNN,RegNetY,regnety_320.swag_lc_in1k,224,84.632
CNN,RegNetY,regnety_320.tv2_in1k,224,83.174
CNN,RegNetY,regnety_640.seer_ft_in1k,384,83.916
CNN,RegNetZ,regnetz_040.ra3_in1k,256,83.66
CNN,RegNetZ,regnetz_040.ra3_in1k,320,84.256
CNN,RegNetZ,regnetz_040_h.ra3_in1k,256,83.768
CNN,RegNetZ,regnetz_040_h.ra3_in1k,320,84.51
CNN,RegNetZ,regnetz_b16.ra3_in1k,224,79.874
CNN,RegNetZ,regnetz_b16.ra3_in1k,288,80.738
CNN,RegNetZ,regnetz_c16.ra3_in1k,256,82.16
CNN,RegNetZ,regnetz_c16.ra3_in1k,320,82.66
CNN,RegNetZ,regnetz_c16_evos.ch_in1k,256,81.942
CNN,RegNetZ,regnetz_c16_evos.ch_in1k,320,82.644
CNN,RegNetZ,regnetz_d32.ra3_in1k,256,83.428
CNN,RegNetZ,regnetz_d32.ra3_in1k,320,84.028
CNN,RegNetZ,regnetz_d8.ra3_in1k,256,83.548
CNN,RegNetZ,regnetz_d8.ra3_in1k,320,84.042
CNN,RegNetZ,regnetz_d8_evos.ch_in1k,256,83.394
CNN,RegNetZ,regnetz_d8_evos.ch_in1k,320,84.152
CNN,RegNetZ,regnetz_e8.ra3_in1k,256,84.418
CNN,RegNetZ,regnetz_e8.ra3_in1k,320,85.04
CNN,RepGhostNet,repghostnet_050.in1k,224,66.98
CNN,RepGhostNet,repghostnet_058.in1k,224,68.934
CNN,RepGhostNet,repghostnet_080.in1k,224,72.236
CNN,RepGhostNet,repghostnet_100.in1k,224,74.2
CNN,RepGhostNet,repghostnet_111.in1k,224,75.068
CNN,RepGhostNet,repghostnet_130.in1k,224,76.366
CNN,RepGhostNet,repghostnet_150.in1k,224,77.47
CNN,RepGhostNet,repghostnet_200.in1k,224,78.79
CNN,RepVGG,repvgg_a0.rvgg_in1k,224,72.424
CNN,RepVGG,repvgg_a1.rvgg_in1k,224,74.468
CNN,RepVGG,repvgg_a2.rvgg_in1k,224,76.492
CNN,RepVGG,repvgg_b0.rvgg_in1k,224,75.162
CNN,RepVGG,repvgg_b1.rvgg_in1k,224,78.372
CNN,RepVGG,repvgg_b1g4.rvgg_in1k,224,77.602
CNN,RepVGG,repvgg_b2.rvgg_in1k,224,78.794
CNN,RepVGG,repvgg_b2g4.rvgg_in1k,224,79.396
CNN,RepVGG,repvgg_b3.rvgg_in1k,224,80.518
CNN,RepVGG,repvgg_b3g4.rvgg_in1k,224,80.248
CNN,RepVGG,repvgg_d2se.rvgg_in1k,320,83.554
Hybrid,RepViT,repvit_m0_9.dist_300e_in1k,224,78.654
Hybrid,RepViT,repvit_m0_9.dist_450e_in1k,224,79.058
Hybrid,RepViT,repvit_m1.dist_in1k,224,78.542
Hybrid,RepViT,repvit_m1_0.dist_300e_in1k,224,80.152
Hybrid,RepViT,repvit_m1_0.dist_450e_in1k,224,80.446
Hybrid,RepViT,repvit_m1_1.dist_300e_in1k,224,80.826
Hybrid,RepViT,repvit_m1_1.dist_450e_in1k,224,81.302
Hybrid,RepViT,repvit_m1_5.dist_300e_in1k,224,82.382
Hybrid,RepViT,repvit_m1_5.dist_450e_in1k,224,82.52
Hybrid,RepViT,repvit_m2.dist_in1k,224,80.468
Hybrid,RepViT,repvit_m2_3.dist_300e_in1k,224,83.524
Hybrid,RepViT,repvit_m2_3.dist_450e_in1k,224,83.742
Hybrid,RepViT,repvit_m3.dist_in1k,224,81.494
CNN,Res2Net,res2net101_26w_4s.in1k,224,79.186
CNN,Res2Net,res2net101d.in1k,224,81.254
CNN,Res2Net,res2net50_14w_8s.in1k,224,78.146
CNN,Res2Net,res2net50_26w_4s.in1k,224,77.986
CNN,Res2Net,res2net50_26w_6s.in1k,224,78.584
CNN,Res2Net,res2net50_26w_8s.in1k,224,78.948
CNN,Res2Net,res2net50_48w_2s.in1k,224,77.536
CNN,Res2Net,res2net50d.in1k,224,80.27
CNN,Res2Net,res2next50.in1k,224,78.236
MLP,ResMLP,resmlp_12_224.fb_distilled_in1k,224,77.948
MLP,ResMLP,resmlp_12_224.fb_in1k,224,76.66
MLP,ResMLP,resmlp_24_224.fb_distilled_in1k,224,80.766
MLP,ResMLP,resmlp_24_224.fb_in1k,224,79.38
MLP,ResMLP,resmlp_36_224.fb_distilled_in1k,224,81.15
MLP,ResMLP,resmlp_36_224.fb_in1k,224,79.772
MLP,ResMLP,resmlp_big_24_224.fb_distilled_in1k,224,83.594
MLP,ResMLP,resmlp_big_24_224.fb_in1k,224,81.034
MLP,ResMLP,resmlp_big_24_224.fb_in22k_ft_in1k,224,84.388
Hybrid,ResNeSt,resnest101e.in1k,256,82.916
Hybrid,ResNeSt,resnest14d.gluon_in1k,224,75.516
Hybrid,ResNeSt,resnest200e.in1k,320,83.872
Hybrid,ResNeSt,resnest269e.in1k,416,84.54
Hybrid,ResNeSt,resnest26d.gluon_in1k,224,78.476
Hybrid,ResNeSt,resnest50d.in1k,224,80.958
Hybrid,ResNeSt,resnest50d_1s4x24d.in1k,224,81.018
Hybrid,ResNeSt,resnest50d_4s2x40d.in1k,224,81.146
CNN,ResNet,resnet101.a1_in1k,224,81.494
CNN,ResNet,resnet101.a1_in1k,288,82.322
CNN,ResNet,resnet101.a1h_in1k,224,81.95
CNN,ResNet,resnet101.a1h_in1k,288,82.802
CNN,ResNet,resnet101.a2_in1k,224,81.344
CNN,ResNet,resnet101.a2_in1k,288,82.224
CNN,ResNet,resnet101.a3_in1k,160,77.928
CNN,ResNet,resnet101.a3_in1k,224,79.82
CNN,ResNet,resnet101.gluon_in1k,224,79.306
CNN,ResNet,resnet101.tv2_in1k,176,79.906
CNN,ResNet,resnet101.tv2_in1k,224,81.906
CNN,ResNet,resnet101.tv_in1k,224,77.404
CNN,ResNet,resnet101c.gluon_in1k,224,79.542
CNN,ResNet,resnet101d.gluon_in1k,224,80.466
CNN,ResNet,resnet101d.ra2_in1k,256,82.252
CNN,ResNet,resnet101d.ra2_in1k,320,83.018
CNN,ResNet,resnet101s.gluon_in1k,224,80.286
CNN,ResNet,resnet10t.c3_in1k,176,66.724
CNN,ResNet,resnet10t.c3_in1k,224,68.346
CNN,ResNet,resnet14t.c3_in1k,176,71.318
CNN,ResNet,resnet14t.c3_in1k,224,72.242
CNN,ResNet,resnet152.a1_in1k,224,81.998
CNN,ResNet,resnet152.a1_in1k,288,82.744
CNN,ResNet,resnet152.a1h_in1k,224,82.818
CNN,ResNet,resnet152.a1h_in1k,288,83.494
CNN,ResNet,resnet152.a2_in1k,224,81.764
CNN,ResNet,resnet152.a2_in1k,288,82.62
CNN,ResNet,resnet152.a3_in1k,160,78.896
CNN,ResNet,resnet152.a3_in1k,224,80.548
CNN,ResNet,resnet152.gluon_in1k,224,79.712
CNN,ResNet,resnet152.tv2_in1k,176,80.212
CNN,ResNet,resnet152.tv2_in1k,224,82.294
CNN,ResNet,resnet152.tv_in1k,224,78.33
CNN,ResNet,resnet152c.gluon_in1k,224,79.906
CNN,ResNet,resnet152d.gluon_in1k,224,80.476
CNN,ResNet,resnet152d.ra2_in1k,256,83.156
CNN,ResNet,resnet152d.ra2_in1k,320,83.684
CNN,ResNet,resnet152s.gluon_in1k,224,81.048
CNN,ResNet,resnet18.a1_in1k,224,71.488
CNN,ResNet,resnet18.a1_in1k,288,73.164
CNN,ResNet,resnet18.a2_in1k,224,70.634
CNN,ResNet,resnet18.a2_in1k,288,72.362
CNN,ResNet,resnet18.a3_in1k,160,65.664
CNN,ResNet,resnet18.a3_in1k,224,68.246
CNN,ResNet,resnet18.fb_ssl_yfcc100m_ft_in1k,224,72.636
CNN,ResNet,resnet18.fb_swsl_ig1b_ft_in1k,224,73.288
CNN,ResNet,resnet18.gluon_in1k,224,70.844
CNN,ResNet,resnet18.tv_in1k,224,69.752
CNN,ResNet,resnet18d.ra2_in1k,224,72.268
CNN,ResNet,resnet18d.ra2_in1k,288,73.794
CNN,ResNet,resnet200d.ra2_in1k,256,83.24
CNN,ResNet,resnet200d.ra2_in1k,320,83.976
CNN,ResNet,resnet26.bt_in1k,224,75.292
CNN,ResNet,resnet26.bt_in1k,288,76.378
CNN,ResNet,resnet26d.bt_in1k,224,76.698
CNN,ResNet,resnet26d.bt_in1k,288,77.424
CNN,ResNet,resnet26t.ra2_in1k,256,77.884
CNN,ResNet,resnet26t.ra2_in1k,320,78.33
CNN,ResNet,resnet32ts.ra2_in1k,256,79.054
CNN,ResNet,resnet32ts.ra2_in1k,288,79.388
CNN,ResNet,resnet33ts.ra2_in1k,256,79.216
CNN,ResNet,resnet33ts.ra2_in1k,288,79.708
CNN,ResNet,resnet34.a1_in1k,224,76.414
CNN,ResNet,resnet34.a1_in1k,288,77.938
CNN,ResNet,resnet34.a2_in1k,224,75.516
CNN,ResNet,resnet34.a2_in1k,288,77.148
CNN,ResNet,resnet34.a3_in1k,160,70.572
CNN,ResNet,resnet34.a3_in1k,224,72.982
CNN,ResNet,resnet34.bt_in1k,224,75.162
CNN,ResNet,resnet34.bt_in1k,288,76.508
CNN,ResNet,resnet34.gluon_in1k,224,74.574
CNN,ResNet,resnet34.tv_in1k,224,73.298
CNN,ResNet,resnet34d.ra2_in1k,224,77.104
CNN,ResNet,resnet34d.ra2_in1k,288,78.44
CNN,ResNet,resnet50.a1_in1k,224,80.382
CNN,ResNet,resnet50.a1_in1k,288,81.24
CNN,ResNet,resnet50.a1h_in1k,176,79.26
CNN,ResNet,resnet50.a1h_in1k,224,80.652
CNN,ResNet,resnet50.a2_in1k,224,79.828
CNN,ResNet,resnet50.a2_in1k,288,80.78
CNN,ResNet,resnet50.a3_in1k,160,75.994
CNN,ResNet,resnet50.a3_in1k,224,78.052
CNN,ResNet,resnet50.am_in1k,224,79.004
CNN,ResNet,resnet50.b1k_in1k,224,79.564
CNN,ResNet,resnet50.b1k_in1k,288,80.706
CNN,ResNet,resnet50.b2k_in1k,224,79.38
CNN,ResNet,resnet50.b2k_in1k,288,80.47
CNN,ResNet,resnet50.bt_in1k,224,78.432
CNN,ResNet,resnet50.bt_in1k,288,79.652
CNN,ResNet,resnet50.c1_in1k,224,79.766
CNN,ResNet,resnet50.c1_in1k,288,80.928
CNN,ResNet,resnet50.c2_in1k,224,79.868
CNN,ResNet,resnet50.c2_in1k,288,80.856
CNN,ResNet,resnet50.d_in1k,224,79.904
CNN,ResNet,resnet50.d_in1k,288,81.012
CNN,ResNet,resnet50.fb_ssl_yfcc100m_ft_in1k,224,79.252
CNN,ResNet,resnet50.fb_swsl_ig1b_ft_in1k,224,81.146
CNN,ResNet,resnet50.gluon_in1k,224,77.58
CNN,ResNet,resnet50.ra_in1k,224,78.814
CNN,ResNet,resnet50.ra_in1k,288,79.86
CNN,ResNet,resnet50.ram_in1k,224,79.032
CNN,ResNet,resnet50.ram_in1k,288,79.974
CNN,ResNet,resnet50.tv2_in1k,176,79.432
CNN,ResNet,resnet50.tv2_in1k,224,80.844
CNN,ResNet,resnet50.tv_in1k,224,76.156
CNN,ResNet,resnet50_gn.a1h_in1k,224,80.066
CNN,ResNet,resnet50_gn.a1h_in1k,288,81.208
CNN,ResNet,resnet50c.gluon_in1k,224,78.016
CNN,ResNet,resnet50d.a1_in1k,224,80.73
CNN,ResNet,resnet50d.a1_in1k,288,81.444
CNN,ResNet,resnet50d.a2_in1k,224,80.268
CNN,ResNet,resnet50d.a2_in1k,288,81.168
CNN,ResNet,resnet50d.a3_in1k,160,77.222
CNN,ResNet,resnet50d.a3_in1k,224,78.742
CNN,ResNet,resnet50d.gluon_in1k,224,79.08
CNN,ResNet,resnet50d.ra2_in1k,224,80.548
CNN,ResNet,resnet50d.ra2_in1k,288,81.35
CNN,ResNet,resnet50d.ra4_e3600_r224_in1k,224,80.956
CNN,ResNet,resnet50d.ra4_e3600_r224_in1k,288,81.83
CNN,ResNet,resnet50s.gluon_in1k,224,78.71
CNN,ResNet,resnet51q.ra2_in1k,256,81.778
CNN,ResNet,resnet51q.ra2_in1k,288,82.356
CNN,ResNet,resnet61q.ra2_in1k,256,81.966
CNN,ResNet,resnet61q.ra2_in1k,288,82.524
CNN,ResNet-D,resnetaa101d.sw_in12k_ft_in1k,224,83.544
CNN,ResNet-D,resnetaa101d.sw_in12k_ft_in1k,288,84.102
CNN,ResNet-D,resnetaa50.a1h_in1k,224,80.614
CNN,ResNet-D,resnetaa50.a1h_in1k,288,81.604
CNN,ResNet-D,resnetaa50d.sw_in12k_ft_in1k,224,81.782
CNN,ResNet-D,resnetaa50d.sw_in12k_ft_in1k,288,82.644
CNN,ResNet-B,resnetblur50.bt_in1k,224,79.306
CNN,ResNet-B,resnetblur50.bt_in1k,288,80.248
CNN,ResNetRS-B,resnetrs101.tf_in1k,192,80.71
CNN,ResNetRS-B,resnetrs101.tf_in1k,288,82.294
CNN,ResNetRS-B,resnetrs152.tf_in1k,256,82.886
CNN,ResNetRS-B,resnetrs152.tf_in1k,320,83.71
CNN,ResNetRS-B,resnetrs200.tf_in1k,256,83.886
CNN,ResNetRS-B,resnetrs200.tf_in1k,320,84.446
CNN,ResNetRS-B,resnetrs270.tf_in1k,256,83.594
CNN,ResNetRS-B,resnetrs270.tf_in1k,352,84.44
CNN,ResNetRS-B,resnetrs350.tf_in1k,288,84.308
CNN,ResNetRS-B,resnetrs350.tf_in1k,384,84.722
CNN,ResNetRS-B,resnetrs420.tf_in1k,320,84.25
CNN,ResNetRS-B,resnetrs420.tf_in1k,416,85.014
CNN,ResNetRS-B,resnetrs50.tf_in1k,160,77.85
CNN,ResNetRS-B,resnetrs50.tf_in1k,224,79.916
CNN,ResNet-V2,resnetv2_101.a1h_in1k,224,82.042
CNN,ResNet-V3,resnetv2_101.a1h_in1k,288,83.002
CNN,ResNet-V4,resnetv2_101x1_bit.goog_in21k_ft_in1k,448,82.332
CNN,ResNet-V5,resnetv2_101x3_bit.goog_in21k_ft_in1k,448,84.43
CNN,ResNet-V6,resnetv2_152x2_bit.goog_in21k_ft_in1k,448,84.48
CNN,ResNet-V7,resnetv2_152x2_bit.goog_teacher_in21k_ft_in1k,224,82.916
CNN,ResNet-V8,resnetv2_152x2_bit.goog_teacher_in21k_ft_in1k_384,384,83.882
CNN,ResNet-V9,resnetv2_152x4_bit.goog_in21k_ft_in1k,480,84.924
CNN,ResNet-V10,resnetv2_50.a1h_in1k,224,80.406
CNN,ResNet-V11,resnetv2_50.a1h_in1k,288,81.408
CNN,ResNet-V12,resnetv2_50d_evos.ah_in1k,224,80.828
CNN,ResNet-V13,resnetv2_50d_evos.ah_in1k,288,82.0
CNN,ResNet-V14,resnetv2_50d_gn.ah_in1k,224,80.794
CNN,ResNet-V15,resnetv2_50d_gn.ah_in1k,288,81.962
CNN,ResNet-V16,resnetv2_50x1_bit.goog_distilled_in1k,224,82.82
CNN,ResNet-V17,resnetv2_50x1_bit.goog_in21k_ft_in1k,448,80.378
CNN,ResNet-V18,resnetv2_50x3_bit.goog_in21k_ft_in1k,448,83.992
CNN,ResNeXt,resnext101_32x16d.fb_ssl_yfcc100m_ft_in1k,224,81.88
CNN,ResNeXt,resnext101_32x16d.fb_swsl_ig1b_ft_in1k,224,83.346
CNN,ResNeXt,resnext101_32x16d.fb_wsl_ig1b_ft_in1k,224,84.164
CNN,ResNeXt,resnext101_32x32d.fb_wsl_ig1b_ft_in1k,224,85.098
CNN,ResNeXt,resnext101_32x4d.fb_ssl_yfcc100m_ft_in1k,224,80.936
CNN,ResNeXt,resnext101_32x4d.fb_swsl_ig1b_ft_in1k,224,83.268
CNN,ResNeXt,resnext101_32x4d.gluon_in1k,224,80.336
CNN,ResNeXt,resnext101_32x8d.fb_ssl_yfcc100m_ft_in1k,224,81.62
CNN,ResNeXt,resnext101_32x8d.fb_swsl_ig1b_ft_in1k,224,84.282
CNN,ResNeXt,resnext101_32x8d.fb_wsl_ig1b_ft_in1k,224,82.72
CNN,ResNeXt,resnext101_32x8d.tv2_in1k,176,81.99
CNN,ResNeXt,resnext101_32x8d.tv2_in1k,224,82.832
CNN,ResNeXt,resnext101_32x8d.tv_in1k,224,79.314
CNN,ResNeXt,resnext101_64x4d.c1_in1k,224,82.446
CNN,ResNeXt,resnext101_64x4d.c1_in1k,288,83.158
CNN,ResNeXt,resnext101_64x4d.gluon_in1k,224,80.64
CNN,ResNeXt,resnext101_64x4d.tv_in1k,224,82.978
CNN,ResNeXt,resnext26ts.ra2_in1k,256,76.774
CNN,ResNeXt,resnext26ts.ra2_in1k,288,77.182
CNN,ResNeXt,resnext50_32x4d.a1_in1k,224,80.526
CNN,ResNeXt,resnext50_32x4d.a1_in1k,288,81.484
CNN,ResNeXt,resnext50_32x4d.a1h_in1k,224,81.14
CNN,ResNeXt,resnext50_32x4d.a1h_in1k,288,82.012
CNN,ResNeXt,resnext50_32x4d.a2_in1k,224,80.444
CNN,ResNeXt,resnext50_32x4d.a2_in1k,288,81.298
CNN,ResNeXt,resnext50_32x4d.a3_in1k,160,77.734
CNN,ResNeXt,resnext50_32x4d.a3_in1k,224,79.252
CNN,ResNeXt,resnext50_32x4d.fb_ssl_yfcc100m_ft_in1k,224,80.316
CNN,ResNeXt,resnext50_32x4d.fb_swsl_ig1b_ft_in1k,224,82.162
CNN,ResNeXt,resnext50_32x4d.gluon_in1k,224,79.354
CNN,ResNeXt,resnext50_32x4d.ra_in1k,224,79.8
CNN,ResNeXt,resnext50_32x4d.ra_in1k,288,80.706
CNN,ResNeXt,resnext50_32x4d.tv2_in1k,176,79.374
CNN,ResNeXt,resnext50_32x4d.tv2_in1k,224,81.176
CNN,ResNeXt,resnext50_32x4d.tv_in1k,224,77.632
CNN,ResNeXt-D,resnext50d_32x4d.bt_in1k,224,79.672
CNN,ResNeXt-D,resnext50d_32x4d.bt_in1k,288,80.68
CNN,ReXNet,rexnet_100.nav_in1k,224,77.846
CNN,ReXNet,rexnet_130.nav_in1k,224,79.49
CNN,ReXNet,rexnet_150.nav_in1k,224,80.31
CNN,ReXNet,rexnet_200.nav_in1k,224,81.64
CNN,ReXNet,rexnet_300.nav_in1k,224,82.78
CNN,ReXNet-R,rexnetr_200.sw_in12k_ft_in1k,224,82.608
CNN,ReXNet-R,rexnetr_200.sw_in12k_ft_in1k,288,83.17
CNN,ReXNet-R,rexnetr_300.sw_in12k_ft_in1k,224,84.036
CNN,ReXNet-R,rexnetr_300.sw_in12k_ft_in1k,288,84.586
Hybrid,SE-BotNet,sebotnet33ts_256.a1h_in1k,256,81.152
Hybrid,SE-HaloNet ,sehalonet33ts.ra2_in1k,256,80.972
CNN,SelecSLS,selecsls42b.in1k,224,77.186
CNN,SelecSLS,selecsls60.in1k,224,77.986
CNN,SelecSLS,selecsls60b.in1k,224,78.41
CNN,MNasNet,semnasnet_075.rmsp_in1k,224,73.008
CNN,MNasNet,semnasnet_100.rmsp_in1k,224,75.464
CNN,SENet,senet154.gluon_in1k,224,81.258
LSTM,Sequencer2d,sequencer2d_l.in1k,224,83.41
LSTM,Sequencer2d,sequencer2d_m.in1k,224,82.838
LSTM,Sequencer2d,sequencer2d_s.in1k,224,82.336
CNN,SE-ResNet-D,seresnet152d.ra2_in1k,256,83.694
CNN,SE-ResNet-D,seresnet152d.ra2_in1k,320,84.354
CNN,SE-ResNet-B,seresnet33ts.ra2_in1k,256,80.372
CNN,SE-ResNet-B,seresnet33ts.ra2_in1k,288,80.814
CNN,SE-ResNet-B,seresnet50.a1_in1k,224,80.012
CNN,SE-ResNet-B,seresnet50.a1_in1k,288,81.104
CNN,SE-ResNet-B,seresnet50.a2_in1k,224,80.102
CNN,SE-ResNet-B,seresnet50.a2_in1k,288,81.092
CNN,SE-ResNet-B,seresnet50.a3_in1k,160,75.1
CNN,SE-ResNet-B,seresnet50.a3_in1k,224,77.036
CNN,SE-ResNet-B,seresnet50.ra2_in1k,224,80.26
CNN,SE-ResNet-B,seresnet50.ra2_in1k,288,81.282
CNN,SE-ResNeXt-B,seresnext101_32x4d.gluon_in1k,224,80.886
CNN,SE-ResNeXt-B,seresnext101_32x8d.ah_in1k,224,83.618
CNN,SE-ResNeXt-B,seresnext101_32x8d.ah_in1k,288,84.194
CNN,SE-ResNeXt-B,seresnext101_64x4d.gluon_in1k,224,80.886
CNN,SE-ResNeXt-B,seresnext101d_32x8d.ah_in1k,224,83.7
CNN,SE-ResNeXt-B,seresnext101d_32x8d.ah_in1k,288,84.402
CNN,SE-ResNeXt-B,seresnext26d_32x4d.bt_in1k,224,77.586
CNN,SE-ResNeXt-B,seresnext26d_32x4d.bt_in1k,288,78.826
CNN,SE-ResNeXt-B,seresnext26t_32x4d.bt_in1k,224,77.98
CNN,SE-ResNeXt-B,seresnext26t_32x4d.bt_in1k,288,78.738
CNN,SE-ResNeXt-B,seresnext26ts.ch_in1k,256,77.856
CNN,SE-ResNeXt-B,seresnext26ts.ch_in1k,288,78.292
CNN,SE-ResNeXt-B,seresnext50_32x4d.gluon_in1k,224,79.918
CNN,SE-ResNeXt-B,seresnext50_32x4d.racm_in1k,224,81.268
CNN,SE-ResNeXt-B,seresnext50_32x4d.racm_in1k,288,82.186
CNN,SE-ResNeXt-D,seresnextaa101d_32x8d.ah_in1k,224,83.9
CNN,SE-ResNeXt-D,seresnextaa101d_32x8d.ah_in1k,288,84.576
CNN,SE-ResNeXt-D,seresnextaa101d_32x8d.sw_in12k_ft_in1k,224,85.956
CNN,SE-ResNeXt-D,seresnextaa101d_32x8d.sw_in12k_ft_in1k,288,86.518
CNN,SE-ResNeXt-D,seresnextaa101d_32x8d.sw_in12k_ft_in1k_288,288,86.536
CNN,SE-ResNeXt-D,seresnextaa101d_32x8d.sw_in12k_ft_in1k_288,320,86.722
CNN,SE-ResNeXt-D,seresnextaa201d_32x8d.sw_in12k_ft_in1k_384,384,87.308
Hybrid,SKNet,skresnet18.ra_in1k,224,73.02
Hybrid,SKNet,skresnet34.ra_in1k,224,76.956
Hybrid,SKNet,skresnext50_32x4d.ra_in1k,224,80.166
CNN,SPNasNet,spnasnet_100.rmsp_in1k,224,74.082
Transformer,Swin-Transformer,swin_base_patch4_window12_384.ms_in1k,384,84.476
Transformer,Swin-Transformer,swin_base_patch4_window12_384.ms_in22k_ft_in1k,384,86.438
Transformer,Swin-Transformer,swin_base_patch4_window7_224.ms_in1k,224,83.61
Transformer,Swin-Transformer,swin_base_patch4_window7_224.ms_in22k_ft_in1k,224,85.27
Transformer,Swin-Transformer,swin_large_patch4_window12_384.ms_in22k_ft_in1k,384,87.138
Transformer,Swin-Transformer,swin_large_patch4_window7_224.ms_in22k_ft_in1k,224,86.33
Transformer,Swin-Transformer,swin_s3_base_224.ms_in1k,224,83.92
Transformer,Swin-Transformer,swin_s3_small_224.ms_in1k,224,83.778
Transformer,Swin-Transformer,swin_s3_tiny_224.ms_in1k,224,82.128
Transformer,Swin-Transformer,swin_small_patch4_window7_224.ms_in1k,224,83.228
Transformer,Swin-Transformer,swin_small_patch4_window7_224.ms_in22k_ft_in1k,224,83.33
Transformer,Swin-Transformer,swin_tiny_patch4_window7_224.ms_in1k,224,81.388
Transformer,Swin-Transformer,swin_tiny_patch4_window7_224.ms_in22k_ft_in1k,224,80.966
Transformer,Swin-Transformer-V2,swinv2_base_window12to16_192to256.ms_in22k_ft_in1k,256,86.276
Transformer,Swin-Transformer-V2,swinv2_base_window12to24_192to384.ms_in22k_ft_in1k,384,87.14
Transformer,Swin-Transformer-V2,swinv2_base_window16_256.ms_in1k,256,84.608
Transformer,Swin-Transformer-V2,swinv2_base_window8_256.ms_in1k,256,84.246
Transformer,Swin-Transformer-V2,swinv2_cr_small_224.sw_in1k,224,83.126
Transformer,Swin-Transformer-V2,swinv2_cr_small_ns_224.sw_in1k,224,83.49
Transformer,Swin-Transformer-V2,swinv2_cr_tiny_ns_224.sw_in1k,224,81.796
Transformer,Swin-Transformer-V2,swinv2_large_window12to16_192to256.ms_in22k_ft_in1k,256,86.934
Transformer,Swin-Transformer-V2,swinv2_large_window12to24_192to384.ms_in22k_ft_in1k,384,87.474
Transformer,Swin-Transformer-V2,swinv2_small_window16_256.ms_in1k,256,84.216
Transformer,Swin-Transformer-V2,swinv2_small_window8_256.ms_in1k,256,83.844
Transformer,Swin-Transformer-V2,swinv2_tiny_window16_256.ms_in1k,256,82.828
Transformer,Swin-Transformer-V2,swinv2_tiny_window8_256.ms_in1k,256,81.824
CNN,ByobNet,test_byobnet.r160_in1k,160,45.4
CNN,EfficientNet,test_efficientnet.r160_in1k,160,46.424
Transformer,ViT,test_vit.r160_in1k,160,40.832
CNN,EfficientNet,tf_efficientnet_b0.aa_in1k,224,76.882
CNN,EfficientNet,tf_efficientnet_b0.ap_in1k,224,77.094
CNN,EfficientNet,tf_efficientnet_b0.in1k,224,76.536
CNN,EfficientNet,tf_efficientnet_b0.ns_jft_in1k,224,78.684
CNN,EfficientNet,tf_efficientnet_b1.aa_in1k,240,78.84
CNN,EfficientNet,tf_efficientnet_b1.ap_in1k,240,79.288
CNN,EfficientNet,tf_efficientnet_b1.in1k,240,78.558
CNN,EfficientNet,tf_efficientnet_b1.ns_jft_in1k,240,81.388
CNN,EfficientNet,tf_efficientnet_b2.aa_in1k,260,80.082
CNN,EfficientNet,tf_efficientnet_b2.ap_in1k,260,80.296
CNN,EfficientNet,tf_efficientnet_b2.in1k,260,79.614
CNN,EfficientNet,tf_efficientnet_b2.ns_jft_in1k,260,82.412
CNN,EfficientNet,tf_efficientnet_b3.aa_in1k,300,81.648
CNN,EfficientNet,tf_efficientnet_b3.ap_in1k,300,81.854
CNN,EfficientNet,tf_efficientnet_b3.in1k,300,80.88
CNN,EfficientNet,tf_efficientnet_b3.ns_jft_in1k,300,84.064
CNN,EfficientNet,tf_efficientnet_b4.aa_in1k,380,83.04
CNN,EfficientNet,tf_efficientnet_b4.ap_in1k,380,83.25
CNN,EfficientNet,tf_efficientnet_b4.in1k,380,82.608
CNN,EfficientNet,tf_efficientnet_b4.ns_jft_in1k,380,85.176
CNN,EfficientNet,tf_efficientnet_b5.aa_in1k,456,83.696
CNN,EfficientNet,tf_efficientnet_b5.ap_in1k,456,84.254
CNN,EfficientNet,tf_efficientnet_b5.in1k,456,83.166
CNN,EfficientNet,tf_efficientnet_b5.ns_jft_in1k,456,86.102
CNN,EfficientNet,tf_efficientnet_b5.ra_in1k,456,83.828
CNN,EfficientNet,tf_efficientnet_b6.aa_in1k,528,84.118
CNN,EfficientNet,tf_efficientnet_b6.ap_in1k,528,84.792
CNN,EfficientNet,tf_efficientnet_b6.ns_jft_in1k,528,86.476
CNN,EfficientNet,tf_efficientnet_b7.aa_in1k,600,84.436
CNN,EfficientNet,tf_efficientnet_b7.ap_in1k,600,85.132
CNN,EfficientNet,tf_efficientnet_b7.ns_jft_in1k,600,86.852
CNN,EfficientNet,tf_efficientnet_b7.ra_in1k,600,84.93
CNN,EfficientNet,tf_efficientnet_b8.ap_in1k,672,85.366
CNN,EfficientNet,tf_efficientnet_b8.ra_in1k,672,85.356
CNN,EfficientNet,tf_efficientnet_cc_b0_4e.in1k,224,77.324
CNN,EfficientNet,tf_efficientnet_cc_b0_8e.in1k,224,77.924
CNN,EfficientNet,tf_efficientnet_cc_b1_8e.in1k,240,79.322
CNN,EfficientNet,tf_efficientnet_el.in1k,300,80.242
CNN,EfficientNet,tf_efficientnet_em.in1k,240,78.136
CNN,EfficientNet,tf_efficientnet_es.in1k,224,76.608
CNN,EfficientNet,tf_efficientnet_l2.ns_jft_in1k,800,88.362
CNN,EfficientNet,tf_efficientnet_l2.ns_jft_in1k_475,475,88.25
CNN,EfficientNet-Lite,tf_efficientnet_lite0.in1k,224,74.846
CNN,EfficientNet-Lite,tf_efficientnet_lite1.in1k,240,76.672
CNN,EfficientNet-Lite,tf_efficientnet_lite2.in1k,260,77.472
CNN,EfficientNet-Lite,tf_efficientnet_lite3.in1k,300,79.832
CNN,EfficientNet-Lite,tf_efficientnet_lite4.in1k,380,81.546
CNN,EfficientNet-v2,tf_efficientnetv2_b0.in1k,192,76.88
CNN,EfficientNet-v2,tf_efficientnetv2_b0.in1k,224,78.38
CNN,EfficientNet-v2,tf_efficientnetv2_b1.in1k,192,77.93
CNN,EfficientNet-v2,tf_efficientnetv2_b1.in1k,240,79.518
CNN,EfficientNet-v2,tf_efficientnetv2_b2.in1k,208,79.206
CNN,EfficientNet-v2,tf_efficientnetv2_b2.in1k,260,80.226
CNN,EfficientNet-v2,tf_efficientnetv2_b3.in1k,240,80.712
CNN,EfficientNet-v2,tf_efficientnetv2_b3.in1k,300,81.96
CNN,EfficientNet-v2,tf_efficientnetv2_b3.in21k_ft_in1k,240,81.076
CNN,EfficientNet-v2,tf_efficientnetv2_b3.in21k_ft_in1k,300,82.634
CNN,EfficientNet-v2,tf_efficientnetv2_l.in1k,384,85.196
CNN,EfficientNet-v2,tf_efficientnetv2_l.in1k,480,85.66
CNN,EfficientNet-v2,tf_efficientnetv2_l.in21k_ft_in1k,384,85.832
CNN,EfficientNet-v2,tf_efficientnetv2_l.in21k_ft_in1k,480,86.802
CNN,EfficientNet-v2,tf_efficientnetv2_m.in1k,384,84.558
CNN,EfficientNet-v2,tf_efficientnetv2_m.in1k,480,85.21
CNN,EfficientNet-v2,tf_efficientnetv2_m.in21k_ft_in1k,384,84.768
CNN,EfficientNet-v2,tf_efficientnetv2_m.in21k_ft_in1k,480,86.014
CNN,EfficientNet-v2,tf_efficientnetv2_s.in1k,300,83.172
CNN,EfficientNet-v2,tf_efficientnetv2_s.in1k,384,83.896
CNN,EfficientNet-v2,tf_efficientnetv2_s.in21k_ft_in1k,300,83.374
CNN,EfficientNet-v2,tf_efficientnetv2_s.in21k_ft_in1k,384,84.316
CNN,EfficientNet-v2,tf_efficientnetv2_xl.in21k_ft_in1k,384,85.562
CNN,EfficientNet-v2,tf_efficientnetv2_xl.in21k_ft_in1k,512,86.748
CNN,MixNet,tf_mixnet_l.in1k,224,78.776
CNN,MixNet,tf_mixnet_m.in1k,224,76.964
CNN,MixNet,tf_mixnet_s.in1k,224,75.652
CNN,MobileNet-v3,tf_mobilenetv3_large_075.in1k,224,73.448
CNN,MobileNet-v3,tf_mobilenetv3_large_100.in1k,224,75.514
CNN,MobileNet-v3,tf_mobilenetv3_large_minimal_100.in1k,224,72.27
CNN,MobileNet-v3,tf_mobilenetv3_small_075.in1k,224,65.732
CNN,MobileNet-v3,tf_mobilenetv3_small_100.in1k,224,67.932
CNN,MobileNet-v3,tf_mobilenetv3_small_minimal_100.in1k,224,62.894
Transformer,TinyViT,tiny_vit_11m_224.dist_in22k_ft_in1k,224,83.232
Transformer,TinyViT,tiny_vit_11m_224.in1k,224,81.538
Transformer,TinyViT,tiny_vit_21m_224.dist_in22k_ft_in1k,224,85.088
Transformer,TinyViT,tiny_vit_21m_224.in1k,224,83.27
Transformer,TinyViT,tiny_vit_21m_384.dist_in22k_ft_in1k,384,86.094
Transformer,TinyViT,tiny_vit_21m_512.dist_in22k_ft_in1k,512,86.452
Transformer,TinyViT,tiny_vit_5m_224.dist_in22k_ft_in1k,224,80.862
Transformer,TinyViT,tiny_vit_5m_224.in1k,224,79.196
CNN,TinyNet,tinynet_a.in1k,192,77.664
CNN,TinyNet,tinynet_b.in1k,188,74.966
CNN,TinyNet,tinynet_c.in1k,184,71.224
CNN,TinyNet,tinynet_d.in1k,152,66.966
CNN,TinyNet,tinynet_e.in1k,106,59.874
Transformer,TNT,tnt_s_patch16_224,224,81.528
CNN,TResNet,tresnet_l.miil_in1k,224,81.498
CNN,TResNet,tresnet_l.miil_in1k_448,448,82.278
CNN,TResNet,tresnet_m.miil_in1k,224,80.816
CNN,TResNet,tresnet_m.miil_in1k_448,448,81.71
CNN,TResNet,tresnet_m.miil_in21k_ft_in1k,224,83.09
CNN,TResNet,tresnet_v2_l.miil_in21k_ft_in1k,224,83.902
CNN,TResNet,tresnet_xl.miil_in1k,224,82.064
CNN,TResNet,tresnet_xl.miil_in1k_448,448,83.066
Hybrid,Twins-PCPVT,twins_pcpvt_base.in1k,224,82.722
Hybrid,Twins-PCPVT,twins_pcpvt_large.in1k,224,83.168
Hybrid,Twins-PCPVT,twins_pcpvt_small.in1k,224,81.122
Hybrid,Twins-SVT,twins_svt_base.in1k,224,83.124
Hybrid,Twins-SVT,twins_svt_large.in1k,224,83.69
Hybrid,Twins-SVT,twins_svt_small.in1k,224,81.692
CNN,VGG,vgg11.tv_in1k,224,69.048
CNN,VGG,vgg11_bn.tv_in1k,224,70.384
CNN,VGG,vgg13.tv_in1k,224,69.94
CNN,VGG,vgg13_bn.tv_in1k,224,71.556
CNN,VGG,vgg16.tv_in1k,224,71.6
CNN,VGG,vgg16_bn.tv_in1k,224,73.356
CNN,VGG,vgg19.tv_in1k,224,72.4
CNN,VGG,vgg19_bn.tv_in1k,224,74.236
Hybrid,Visformer,visformer_small.in1k,224,82.096
Hybrid,Visformer,visformer_tiny.in1k,224,78.16
Transformer,ViT,vit_base_patch16_224.augreg2_in21k_ft_in1k,224,85.11
Transformer,ViT,vit_base_patch16_224.augreg_in1k,224,79.142
Transformer,ViT,vit_base_patch16_224.augreg_in21k_ft_in1k,224,84.532
Transformer,ViT,vit_base_patch16_224.orig_in21k_ft_in1k,224,81.786
Transformer,ViT,vit_base_patch16_224.sam_in1k,224,80.242
Transformer,ViT,vit_base_patch16_224_miil.in21k_ft_in1k,224,84.272
Transformer,ViT,vit_base_patch16_384.augreg_in1k,384,81.096
Transformer,ViT,vit_base_patch16_384.augreg_in21k_ft_in1k,384,86.006
Transformer,ViT,vit_base_patch16_384.orig_in21k_ft_in1k,384,84.208
Transformer,ViT,vit_base_patch16_clip_224.laion2b_ft_in12k_in1k,224,86.21
Transformer,ViT,vit_base_patch16_clip_224.laion2b_ft_in1k,224,85.494
Transformer,ViT,vit_base_patch16_clip_224.openai_ft_in12k_in1k,224,85.962
Transformer,ViT,vit_base_patch16_clip_224.openai_ft_in1k,224,85.286
Transformer,ViT,vit_base_patch16_clip_384.laion2b_ft_in12k_in1k,384,87.212
Transformer,ViT,vit_base_patch16_clip_384.laion2b_ft_in1k,384,86.638
Transformer,ViT,vit_base_patch16_clip_384.openai_ft_in12k_in1k,384,87.028
Transformer,ViT,vit_base_patch16_clip_384.openai_ft_in1k,384,86.218
Transformer,ViT,vit_base_patch16_rope_reg1_gap_256.sbb_in1k,256,83.89
Transformer,ViT,vit_base_patch16_rpn_224.sw_in1k,224,82.216
Transformer,ViT,vit_base_patch32_224.augreg_in1k,224,74.906
Transformer,ViT,vit_base_patch32_224.augreg_in21k_ft_in1k,224,80.736
Transformer,ViT,vit_base_patch32_224.sam_in1k,224,73.706
Transformer,ViT,vit_base_patch32_384.augreg_in1k,384,78.754
Transformer,ViT,vit_base_patch32_384.augreg_in21k_ft_in1k,384,83.352
Transformer,ViT,vit_base_patch32_clip_224.laion2b_ft_in12k_in1k,224,83.306
Transformer,ViT,vit_base_patch32_clip_224.laion2b_ft_in1k,224,82.63
Transformer,ViT,vit_base_patch32_clip_224.openai_ft_in1k,224,81.946
Transformer,ViT,vit_base_patch32_clip_384.laion2b_ft_in12k_in1k,384,85.41
Transformer,ViT,vit_base_patch32_clip_384.openai_ft_in12k_in1k,384,85.226
Transformer,ViT,vit_base_patch32_clip_448.laion2b_ft_in12k_in1k,448,85.8
Transformer,ViT,vit_base_patch8_224.augreg2_in21k_ft_in1k,224,86.228
Transformer,ViT,vit_base_patch8_224.augreg_in21k_ft_in1k,224,85.836
Hybrid,ResNet-Vision Transformer,vit_base_r50_s16_384.orig_in21k_ft_in1k,384,84.994
Transformer,ViT,vit_betwixt_patch16_reg1_gap_256.sbb_in1k,256,83.644
Transformer,ViT,vit_betwixt_patch16_reg4_gap_256.sbb2_e200_in12k_ft_in1k,256,85.728
Transformer,ViT,vit_betwixt_patch16_reg4_gap_256.sbb_in12k_ft_in1k,256,85.424
Transformer,ViT,vit_betwixt_patch16_reg4_gap_256.sbb_in1k,256,83.708
Transformer,ViT,vit_betwixt_patch16_reg4_gap_384.sbb2_e200_in12k_ft_in1k,384,86.602
Transformer,ViT,vit_betwixt_patch16_rope_reg4_gap_256.sbb_in1k,256,83.91
Transformer,ViT,vit_huge_patch14_clip_224.laion2b_ft_in12k_in1k,224,88.278
Transformer,ViT,vit_huge_patch14_clip_224.laion2b_ft_in1k,224,87.624
Transformer,ViT,vit_huge_patch14_clip_336.laion2b_ft_in12k_in1k,336,88.628
Transformer,ViT,vit_large_patch14_clip_224.laion2b_ft_in12k_in1k,224,87.898
Transformer,ViT,vit_large_patch14_clip_224.laion2b_ft_in1k,224,87.298
Transformer,ViT,vit_large_patch14_clip_224.openai_ft_in12k_in1k,224,88.162
Transformer,ViT,vit_large_patch14_clip_224.openai_ft_in1k,224,87.86
Transformer,ViT,vit_large_patch14_clip_336.laion2b_ft_in12k_in1k,336,88.192
Transformer,ViT,vit_large_patch14_clip_336.laion2b_ft_in1k,336,87.866
Transformer,ViT,vit_large_patch14_clip_336.openai_ft_in12k_in1k,336,88.264
Transformer,ViT,vit_large_patch16_224.augreg_in21k_ft_in1k,224,85.85
Transformer,ViT,vit_large_patch16_384.augreg_in21k_ft_in1k,384,87.094
Transformer,ViT,vit_large_patch32_384.orig_in21k_ft_in1k,384,81.506
Hybrid,ResNet-Vision Transformer,vit_large_r50_s32_224.augreg_in21k_ft_in1k,224,84.432
Hybrid,ResNet-Vision Transformer,vit_large_r50_s32_384.augreg_in21k_ft_in1k,384,86.184
Transformer,ViT,vit_little_patch16_reg1_gap_256.sbb_in12k_ft_in1k,256,83.802
Transformer,ViT,vit_little_patch16_reg4_gap_256.sbb_in1k,256,82.514
Transformer,ViT,vit_medium_patch16_gap_256.sw_in12k_ft_in1k,256,84.45
Transformer,ViT,vit_medium_patch16_gap_384.sw_in12k_ft_in1k,384,85.554
Transformer,ViT,vit_medium_patch16_reg1_gap_256.sbb_in1k,256,83.458
Transformer,ViT,vit_medium_patch16_reg4_gap_256.sbb_in12k_ft_in1k,256,84.944
Transformer,ViT,vit_medium_patch16_reg4_gap_256.sbb_in1k,256,83.468
Transformer,ViT,vit_medium_patch16_rope_reg1_gap_256.sbb_in1k,256,83.812
Transformer,ViT,vit_mediumd_patch16_reg4_gap_256.sbb2_e200_in12k_ft_in1k,256,86.604
Transformer,ViT,vit_mediumd_patch16_reg4_gap_256.sbb_in12k_ft_in1k,256,86.208
Transformer,ViT,vit_mediumd_patch16_reg4_gap_384.sbb2_e200_in12k_ft_in1k,384,87.436
Transformer,ViT,vit_mediumd_patch16_rope_reg1_gap_256.sbb_in1k,256,84.322
Transformer,ViT,vit_pwee_patch16_reg1_gap_256.sbb_in1k,256,80.078
Transformer,ViT,vit_relpos_base_patch16_224.sw_in1k,224,82.476
Transformer,ViT,vit_relpos_base_patch16_clsgap_224.sw_in1k,224,82.762
Transformer,ViT,vit_relpos_base_patch32_plus_rpn_256.sw_in1k,256,79.496
Transformer,ViT,vit_relpos_medium_patch16_224.sw_in1k,224,82.466
Transformer,ViT,vit_relpos_medium_patch16_cls_224.sw_in1k,224,82.572
Transformer,ViT,vit_relpos_medium_patch16_rpn_224.sw_in1k,224,82.308
Transformer,ViT,vit_relpos_small_patch16_224.sw_in1k,224,81.476
Transformer,ViT,vit_small_patch16_224.augreg_in1k,224,78.842
Transformer,ViT,vit_small_patch16_224.augreg_in21k_ft_in1k,224,81.414
Transformer,ViT,vit_small_patch16_384.augreg_in1k,384,81.134
Transformer,ViT,vit_small_patch16_384.augreg_in21k_ft_in1k,384,83.804
Transformer,ViT,vit_small_patch32_224.augreg_in21k_ft_in1k,224,75.996
Transformer,ViT,vit_small_patch32_384.augreg_in21k_ft_in1k,384,80.482
Hybrid,ResNet-Vision Transformer,vit_small_r26_s32_224.augreg_in21k_ft_in1k,224,81.844
Hybrid,ResNet-Vision Transformer,vit_small_r26_s32_384.augreg_in21k_ft_in1k,384,84.074
Transformer,ViT,vit_srelpos_medium_patch16_224.sw_in1k,224,82.25
Transformer,ViT,vit_srelpos_small_patch16_224.sw_in1k,224,81.108
Transformer,ViT,vit_tiny_patch16_224.augreg_in21k_ft_in1k,224,75.452
Transformer,ViT,vit_tiny_patch16_384.augreg_in21k_ft_in1k,384,78.446
Hybrid,ResNet-Vision Transformer,vit_tiny_r_s16_p8_224.augreg_in21k_ft_in1k,224,71.82
Hybrid,ResNet-Vision Transformer,vit_tiny_r_s16_p8_384.augreg_in21k_ft_in1k,384,75.962
Transformer,ViT,vit_wee_patch16_reg1_gap_256.sbb_in1k,256,80.268
Transformer,VOLO,volo_d1_224.sail_in1k,224,84.152
Transformer,VOLO,volo_d1_384.sail_in1k,384,85.266
Transformer,VOLO,volo_d2_224.sail_in1k,224,85.202
Transformer,VOLO,volo_d2_384.sail_in1k,384,86.058
Transformer,VOLO,volo_d3_224.sail_in1k,224,85.442
Transformer,VOLO,volo_d3_448.sail_in1k,448,86.512
Transformer,VOLO,volo_d4_224.sail_in1k,224,85.872
Transformer,VOLO,volo_d4_448.sail_in1k,448,86.79
Transformer,VOLO,volo_d5_224.sail_in1k,224,86.078
Transformer,VOLO,volo_d5_448.sail_in1k,448,86.978
Transformer,VOLO,volo_d5_512.sail_in1k,512,87.066
CNN,Wide-ResNet,wide_resnet101_2.tv2_in1k,176,80.488
CNN,Wide-ResNet,wide_resnet101_2.tv2_in1k,224,82.516
CNN,Wide-ResNet,wide_resnet101_2.tv_in1k,224,78.848
CNN,Wide-ResNet,wide_resnet50_2.racm_in1k,224,81.488
CNN,Wide-ResNet,wide_resnet50_2.racm_in1k,288,82.266
CNN,Wide-ResNet,wide_resnet50_2.tv2_in1k,176,80.436
CNN,Wide-ResNet,wide_resnet50_2.tv2_in1k,224,81.598
CNN,Wide-ResNet,wide_resnet50_2.tv_in1k,224,78.48
CNN,Xception,xception41.tf_in1k,299,78.524
CNN,Xception,xception41p.ra3_in1k,299,81.98
CNN,Xception,xception65.ra3_in1k,299,83.184
CNN,Xception,xception65.tf_in1k,299,79.554
CNN,Xception,xception65p.ra3_in1k,299,83.164
CNN,Xception,xception71.tf_in1k,299,79.908
Transformer,XCiT,xcit_large_24_p16_224.fb_dist_in1k,224,84.936
Transformer,XCiT,xcit_large_24_p16_224.fb_in1k,224,82.89
Transformer,XCiT,xcit_large_24_p16_384.fb_dist_in1k,384,85.776
Transformer,XCiT,xcit_large_24_p8_224.fb_dist_in1k,224,85.402
Transformer,XCiT,xcit_large_24_p8_224.fb_in1k,224,84.386
Transformer,XCiT,xcit_large_24_p8_384.fb_dist_in1k,384,86.026
Transformer,XCiT,xcit_medium_24_p16_224.fb_dist_in1k,224,84.288
Transformer,XCiT,xcit_medium_24_p16_224.fb_in1k,224,82.632
Transformer,XCiT,xcit_medium_24_p16_384.fb_dist_in1k,384,85.434
Transformer,XCiT,xcit_medium_24_p8_224.fb_dist_in1k,224,85.076
Transformer,XCiT,xcit_medium_24_p8_224.fb_in1k,224,83.742
Transformer,XCiT,xcit_medium_24_p8_384.fb_dist_in1k,384,85.842
Transformer,XCiT,xcit_nano_12_p16_224.fb_dist_in1k,224,72.318
Transformer,XCiT,xcit_nano_12_p16_224.fb_in1k,224,69.982
Transformer,XCiT,xcit_nano_12_p16_384.fb_dist_in1k,384,75.468
Transformer,XCiT,xcit_nano_12_p8_224.fb_dist_in1k,224,76.328
Transformer,XCiT,xcit_nano_12_p8_224.fb_in1k,224,73.9
Transformer,XCiT,xcit_nano_12_p8_384.fb_dist_in1k,384,77.82
Transformer,XCiT,xcit_small_12_p16_224.fb_dist_in1k,224,83.354
Transformer,XCiT,xcit_small_12_p16_224.fb_in1k,224,81.982
Transformer,XCiT,xcit_small_12_p16_384.fb_dist_in1k,384,84.736
Transformer,XCiT,xcit_small_12_p8_224.fb_dist_in1k,224,84.25
Transformer,XCiT,xcit_small_12_p8_224.fb_in1k,224,83.356
Transformer,XCiT,xcit_small_12_p8_384.fb_dist_in1k,384,85.072
Transformer,XCiT,xcit_small_24_p16_224.fb_dist_in1k,224,83.878
Transformer,XCiT,xcit_small_24_p16_224.fb_in1k,224,82.58
Transformer,XCiT,xcit_small_24_p16_384.fb_dist_in1k,384,85.102
Transformer,XCiT,xcit_small_24_p8_224.fb_dist_in1k,224,84.876
Transformer,XCiT,xcit_small_24_p8_224.fb_in1k,224,83.854
Transformer,XCiT,xcit_small_24_p8_384.fb_dist_in1k,384,85.582
Transformer,XCiT,xcit_tiny_12_p16_224.fb_dist_in1k,224,78.578
Transformer,XCiT,xcit_tiny_12_p16_224.fb_in1k,224,77.142
Transformer,XCiT,xcit_tiny_12_p16_384.fb_dist_in1k,384,80.952
Transformer,XCiT,xcit_tiny_12_p8_224.fb_dist_in1k,224,81.212
Transformer,XCiT,xcit_tiny_12_p8_224.fb_in1k,224,79.712
Transformer,XCiT,xcit_tiny_12_p8_384.fb_dist_in1k,384,82.392
Transformer,XCiT,xcit_tiny_24_p16_224.fb_dist_in1k,224,80.466
Transformer,XCiT,xcit_tiny_24_p16_224.fb_in1k,224,79.458
Transformer,XCiT,xcit_tiny_24_p16_384.fb_dist_in1k,384,82.58
Transformer,XCiT,xcit_tiny_24_p8_224.fb_dist_in1k,224,82.58
Transformer,XCiT,xcit_tiny_24_p8_224.fb_in1k,224,81.89
Transformer,XCiT,xcit_tiny_24_p8_384.fb_dist_in1k,384,83.784
